Workbook

Sheet Ensaios
A1: Arquivo | B1: Pasta | C1: Potência (W) | D1: Rotação (RPM) | E1: f elétrica (Hz) | F1: Código resistores | G1: Braços ativos | H1: Capacitância (µF) | I1: R braços resistor (Ω) | J1: Resistência série (Ω) | K1: Data/hora do ensaio | L1: Status | M1: Usar na análise | N1: Observação
A2: 7Bracos_2700_R0001_80W_2026-10-09_12_20.csv | B2: 80W_2700RPM_R0001 | C2: 80 | D2: 2700 | E2: =D2*2/60 | F2: 0001 | G2: 7 | H2: =INDEX(Parametros!$B$2:$B$9,MATCH(G2,Parametros!$A$2:$A$9,0)) | I2: =1/(VALUE(MID(F2,1,1))/Parametros!$E$2+VALUE(MID(F2,2,1))/Parametros!$E$3+VALUE(MID(F2,3,1))/Parametros!$E$4+VALUE(MID(F2,4,1))/Parametros!$E$5) | J2: =IF(G2=0,Parametros!$E$8,Parametros!$E$6+Parametros!$E$6*(Parametros!$E$7/G2+I2)/(Parametros!$E$6+Parametros!$E$7/G2+I2)) | K2: 2026-10-09 12:20 | L2: Válido | M2: =IF(L2="Válido","Sim","Não")
A3: 6Bracos_2700_R0001_80W_2026-10-09_12_20.csv | B3: 80W_2700RPM_R0001 | C3: 80 | D3: 2700 | E3: =D3*2/60 | F3: 0001 | G3: 6 | H3: =INDEX(Parametros!$B$2:$B$9,MATCH(G3,Parametros!$A$2:$A$9,0)) | I3: =1/(VALUE(MID(F3,1,1))/Parametros!$E$2+VALUE(MID(F3,2,1))/Parametros!$E$3+VALUE(MID(F3,3,1))/Parametros!$E$4+VALUE(MID(F3,4,1))/Parametros!$E$5) | J3: =IF(G3=0,Parametros!$E$8,Parametros!$E$6+Parametros!$E$6*(Parametros!$E$7/G3+I3)/(Parametros!$E$6+Parametros!$E$7/G3+I3)) | K3: 2026-10-09 12:20 | L3: Válido | M3: =IF(L3="Válido","Sim","Não")
A4: 5Bracos_2700_R0001_80W_2026-10-09_12_20.csv | B4: 80W_2700RPM_R0001 | C4: 80 | D4: 2700 | E4: =D4*2/60 | F4: 0001 | G4: 5 | H4: =INDEX(Parametros!$B$2:$B$9,MATCH(G4,Parametros!$A$2:$A$9,0)) | I4: =1/(VALUE(MID(F4,1,1))/Parametros!$E$2+VALUE(MID(F4,2,1))/Parametros!$E$3+VALUE(MID(F4,3,1))/Parametros!$E$4+VALUE(MID(F4,4,1))/Parametros!$E$5) | J4: =IF(G4=0,Parametros!$E$8,Parametros!$E$6+Parametros!$E$6*(Parametros!$E$7/G4+I4)/(Parametros!$E$6+Parametros!$E$7/G4+I4)) | K4: 2026-10-09 12:20 | L4: Válido | M4: =IF(L4="Válido","Sim","Não")
A5: 4Bracos_2700_R0001_80W_2026-10-09_12_20.csv | B5: 80W_2700RPM_R0001 | C5: 80 | D5: 2700 | E5: =D5*2/60 | F5: 0001 | G5: 4 | H5: =INDEX(Parametros!$B$2:$B$9,MATCH(G5,Parametros!$A$2:$A$9,0)) | I5: =1/(VALUE(MID(F5,1,1))/Parametros!$E$2+VALUE(MID(F5,2,1))/Parametros!$E$3+VALUE(MID(F5,3,1))/Parametros!$E$4+VALUE(MID(F5,4,1))/Parametros!$E$5) | J5: =IF(G5=0,Parametros!$E$8,Parametros!$E$6+Parametros!$E$6*(Parametros!$E$7/G5+I5)/(Parametros!$E$6+Parametros!$E$7/G5+I5)) | K5: 2026-10-09 12:20 | L5: Válido | M5: =IF(L5="Válido","Sim","Não")
A6: 3Bracos_2700_R0001_80W_2026-10-09_12_20.csv | B6: 80W_2700RPM_R0001 | C6: 80 | D6: 2700 | E6: =D6*2/60 | F6: 0001 | G6: 3 | H6: =INDEX(Parametros!$B$2:$B$9,MATCH(G6,Parametros!$A$2:$A$9,0)) | I6: =1/(VALUE(MID(F6,1,1))/Parametros!$E$2+VALUE(MID(F6,2,1))/Parametros!$E$3+VALUE(MID(F6,3,1))/Parametros!$E$4+VALUE(MID(F6,4,1))/Parametros!$E$5) | J6: =IF(G6=0,Parametros!$E$8,Parametros!$E$6+Parametros!$E$6*(Parametros!$E$7/G6+I6)/(Parametros!$E$6+Parametros!$E$7/G6+I6)) | K6: 2026-10-09 12:20 | L6: Válido | M6: =IF(L6="Válido","Sim","Não")
A7: 2Bracos_2700_R0001_80W_2026-10-09_12_20.csv | B7: 80W_2700RPM_R0001 | C7: 80 | D7: 2700 | E7: =D7*2/60 | F7: 0001 | G7: 2 | H7: =INDEX(Parametros!$B$2:$B$9,MATCH(G7,Parametros!$A$2:$A$9,0)) | I7: =1/(VALUE(MID(F7,1,1))/Parametros!$E$2+VALUE(MID(F7,2,1))/Parametros!$E$3+VALUE(MID(F7,3,1))/Parametros!$E$4+VALUE(MID(F7,4,1))/Parametros!$E$5) | J7: =IF(G7=0,Parametros!$E$8,Parametros!$E$6+Parametros!$E$6*(Parametros!$E$7/G7+I7)/(Parametros!$E$6+Parametros!$E$7/G7+I7)) | K7: 2026-10-09 12:20 | L7: Válido | M7: =IF(L7="Válido","Sim","Não")
A8: 1Bracos_2700_R0001_80W_2026-10-09_12_20.csv | B8: 80W_2700RPM_R0001 | C8: 80 | D8: 2700 | E8: =D8*2/60 | F8: 0001 | G8: 1 | H8: =INDEX(Parametros!$B$2:$B$9,MATCH(G8,Parametros!$A$2:$A$9,0)) | I8: =1/(VALUE(MID(F8,1,1))/Parametros!$E$2+VALUE(MID(F8,2,1))/Parametros!$E$3+VALUE(MID(F8,3,1))/Parametros!$E$4+VALUE(MID(F8,4,1))/Parametros!$E$5) | J8: =IF(G8=0,Parametros!$E$8,Parametros!$E$6+Parametros!$E$6*(Parametros!$E$7/G8+I8)/(Parametros!$E$6+Parametros!$E$7/G8+I8)) | K8: 2026-10-09 12:20 | L8: Válido | M8: =IF(L8="Válido","Sim","Não")
A9: 0Bracos_2700_R0001_80W_2026-10-09_12_20.csv | B9: 80W_2700RPM_R0001 | C9: 80 | D9: 2700 | E9: =D9*2/60 | F9: 0001 | G9: 0 | H9: =INDEX(Parametros!$B$2:$B$9,MATCH(G9,Parametros!$A$2:$A$9,0)) | I9: =1/(VALUE(MID(F9,1,1))/Parametros!$E$2+VALUE(MID(F9,2,1))/Parametros!$E$3+VALUE(MID(F9,3,1))/Parametros!$E$4+VALUE(MID(F9,4,1))/Parametros!$E$5) | J9: =IF(G9=0,Parametros!$E$8,Parametros!$E$6+Parametros!$E$6*(Parametros!$E$7/G9+I9)/(Parametros!$E$6+Parametros!$E$7/G9+I9)) | K9: 2026-10-09 12:20 | L9: Válido | M9: =IF(L9="Válido","Sim","Não")
A10: 7Bracos_2700_R0010_80W_2026-10-09_12_20.csv | B10: 80W_2700RPM_R0010 | C10: 80 | D10: 2700 | E10: =D10*2/60 | F10: 0010 | G10: 7 | H10: =INDEX(Parametros!$B$2:$B$9,MATCH(G10,Parametros!$A$2:$A$9,0)) | I10: =1/(VALUE(MID(F10,1,1))/Parametros!$E$2+VALUE(MID(F10,2,1))/Parametros!$E$3+VALUE(MID(F10,3,1))/Parametros!$E$4+VALUE(MID(F10,4,1))/Parametros!$E$5) | J10: =IF(G10=0,Parametros!$E$8,Parametros!$E$6+Parametros!$E$6*(Parametros!$E$7/G10+I10)/(Parametros!$E$6+Parametros!$E$7/G10+I10)) | K10: 2026-10-09 12:20 | L10: Válido | M10: =IF(L10="Válido","Sim","Não")
A11: 6Bracos_2700_R0010_80W_2026-10-09_12_20.csv | B11: 80W_2700RPM_R0010 | C11: 80 | D11: 2700 | E11: =D11*2/60 | F11: 0010 | G11: 6 | H11: =INDEX(Parametros!$B$2:$B$9,MATCH(G11,Parametros!$A$2:$A$9,0)) | I11: =1/(VALUE(MID(F11,1,1))/Parametros!$E$2+VALUE(MID(F11,2,1))/Parametros!$E$3+VALUE(MID(F11,3,1))/Parametros!$E$4+VALUE(MID(F11,4,1))/Parametros!$E$5) | J11: =IF(G11=0,Parametros!$E$8,Parametros!$E$6+Parametros!$E$6*(Parametros!$E$7/G11+I11)/(Parametros!$E$6+Parametros!$E$7/G11+I11)) | K11: 2026-10-09 12:20 | L11: Válido | M11: =IF(L11="Válido","Sim","Não")
A12: 5Bracos_2700_R0010_80W_2026-10-09_12_20.csv | B12: 80W_2700RPM_R0010 | C12: 80 | D12: 2700 | E12: =D12*2/60 | F12: 0010 | G12: 5 | H12: =INDEX(Parametros!$B$2:$B$9,MATCH(G12,Parametros!$A$2:$A$9,0)) | I12: =1/(VALUE(MID(F12,1,1))/Parametros!$E$2+VALUE(MID(F12,2,1))/Parametros!$E$3+VALUE(MID(F12,3,1))/Parametros!$E$4+VALUE(MID(F12,4,1))/Parametros!$E$5) | J12: =IF(G12=0,Parametros!$E$8,Parametros!$E$6+Parametros!$E$6*(Parametros!$E$7/G12+I12)/(Parametros!$E$6+Parametros!$E$7/G12+I12)) | K12: 2026-10-09 12:20 | L12: Válido | M12: =IF(L12="Válido","Sim","Não")
A13: 4Bracos_2700_R0010_80W_2026-10-09_12_20.csv | B13: 80W_2700RPM_R0010 | C13: 80 | D13: 2700 | E13: =D13*2/60 | F13: 0010 | G13: 4 | H13: =INDEX(Parametros!$B$2:$B$9,MATCH(G13,Parametros!$A$2:$A$9,0)) | I13: =1/(VALUE(MID(F13,1,1))/Parametros!$E$2+VALUE(MID(F13,2,1))/Parametros!$E$3+VALUE(MID(F13,3,1))/Parametros!$E$4+VALUE(MID(F13,4,1))/Parametros!$E$5) | J13: =IF(G13=0,Parametros!$E$8,Parametros!$E$6+Parametros!$E$6*(Parametros!$E$7/G13+I13)/(Parametros!$E$6+Parametros!$E$7/G13+I13)) | K13: 2026-10-09 12:20 | L13: Válido | M13: =IF(L13="Válido","Sim","Não")
... A57: 0Bracos_2700_R0111_80W_2026-10-09_12_20.csv | B57: 80W_2700RPM_R0111 | C57: 80 | D57: 2700 | E57: =D57*2/60 | F57: 0111 | G57: 0 | H57: =INDEX(Parametros!$B$2:$B$9,MATCH(G57,Parametros!$A$2:$A$9,0)) | I57: =1/(VALUE(MID(F57,1,1))/Parametros!$E$2+VALUE(MID(F57,2,1))/Parametros!$E$3+VALUE(MID(F57,3,1))/Parametros!$E$4+VALUE(MID(F57,4,1))/Parametros!$E$5) | J57: =IF(G57=0,Parametros!$E$8,Parametros!$E$6+Parametros!$E$6*(Parametros!$E$7/G57+I57)/(Parametros!$E$6+Parametros!$E$7/G57+I57)) | K57: 2026-10-09 12:20 | L57: Válido | M57: =IF(L57="Válido","Sim","Não")
A58: 7Bracos_2700_R1000_80W_2026-10-09_12_20.csv | B58: 80W_2700RPM_R1000 | C58: 80 | D58: 2700 | E58: =D58*2/60 | F58: 1000 | G58: 7 | H58: =INDEX(Parametros!$B$2:$B$9,MATCH(G58,Parametros!$A$2:$A$9,0)) | I58: =1/(VALUE(MID(F58,1,1))/Parametros!$E$2+VALUE(MID(F58,2,1))/Parametros!$E$3+VALUE(MID(F58,3,1))/Parametros!$E$4+VALUE(MID(F58,4,1))/Parametros!$E$5) | J58: =IF(G58=0,Parametros!$E$8,Parametros!$E$6+Parametros!$E$6*(Parametros!$E$7/G58+I58)/(Parametros!$E$6+Parametros!$E$7/G58+I58)) | K58: 2026-10-09 12:20 | L58: Patamar baixo de ripple (suspeita DAQ) | M58: =IF(L58="Válido","Sim","Não") | N58: Ripple x C mediano da config = 577 (esperado ~730 a 80W)
A59: 6Bracos_2700_R1000_80W_2026-10-09_12_20.csv | B59: 80W_2700RPM_R1000 | C59: 80 | D59: 2700 | E59: =D59*2/60 | F59: 1000 | G59: 6 | H59: =INDEX(Parametros!$B$2:$B$9,MATCH(G59,Parametros!$A$2:$A$9,0)) | I59: =1/(VALUE(MID(F59,1,1))/Parametros!$E$2+VALUE(MID(F59,2,1))/Parametros!$E$3+VALUE(MID(F59,3,1))/Parametros!$E$4+VALUE(MID(F59,4,1))/Parametros!$E$5) | J59: =IF(G59=0,Parametros!$E$8,Parametros!$E$6+Parametros!$E$6*(Parametros!$E$7/G59+I59)/(Parametros!$E$6+Parametros!$E$7/G59+I59)) | K59: 2026-10-09 12:20 | L59: Patamar baixo de ripple (suspeita DAQ) | M59: =IF(L59="Válido","Sim","Não") | N59: Ripple x C mediano da config = 577 (esperado ~730 a 80W)
A60: 5Bracos_2700_R1000_80W_2026-10-09_12_20.csv | B60: 80W_2700RPM_R1000 | C60: 80 | D60: 2700 | E60: =D60*2/60 | F60: 1000 | G60: 5 | H60: =INDEX(Parametros!$B$2:$B$9,MATCH(G60,Parametros!$A$2:$A$9,0)) | I60: =1/(VALUE(MID(F60,1,1))/Parametros!$E$2+VALUE(MID(F60,2,1))/Parametros!$E$3+VALUE(MID(F60,3,1))/Parametros!$E$4+VALUE(MID(F60,4,1))/Parametros!$E$5) | J60: =IF(G60=0,Parametros!$E$8,Parametros!$E$6+Parametros!$E$6*(Parametros!$E$7/G60+I60)/(Parametros!$E$6+Parametros!$E$7/G60+I60)) | K60: 2026-10-09 12:20 | L60: Patamar baixo de ripple (suspeita DAQ) | M60: =IF(L60="Válido","Sim","Não") | N60: Ripple x C mediano da config = 577 (esperado ~730 a 80W)
A61: 4Bracos_2700_R1000_80W_2026-10-09_12_20.csv | B61: 80W_2700RPM_R1000 | C61: 80 | D61: 2700 | E61: =D61*2/60 | F61: 1000 | G61: 4 | H61: =INDEX(Parametros!$B$2:$B$9,MATCH(G61,Parametros!$A$2:$A$9,0)) | I61: =1/(VALUE(MID(F61,1,1))/Parametros!$E$2+VALUE(MID(F61,2,1))/Parametros!$E$3+VALUE(MID(F61,3,1))/Parametros!$E$4+VALUE(MID(F61,4,1))/Parametros!$E$5) | J61: =IF(G61=0,Parametros!$E$8,Parametros!$E$6+Parametros!$E$6*(Parametros!$E$7/G61+I61)/(Parametros!$E$6+Parametros!$E$7/G61+I61)) | K61: 2026-10-09 12:20 | L61: Patamar baixo de ripple (suspeita DAQ) | M61: =IF(L61="Válido","Sim","Não") | N61: Ripple x C mediano da config = 577 (esperado ~730 a 80W)
A62: 3Bracos_2700_R1000_80W_2026-10-09_12_20.csv | B62: 80W_2700RPM_R1000 | C62: 80 | D62: 2700 | E62: =D62*2/60 | F62: 1000 | G62: 3 | H62: =INDEX(Parametros!$B$2:$B$9,MATCH(G62,Parametros!$A$2:$A$9,0)) | I62: =1/(VALUE(MID(F62,1,1))/Parametros!$E$2+VALUE(MID(F62,2,1))/Parametros!$E$3+VALUE(MID(F62,3,1))/Parametros!$E$4+VALUE(MID(F62,4,1))/Parametros!$E$5) | J62: =IF(G62=0,Parametros!$E$8,Parametros!$E$6+Parametros!$E$6*(Parametros!$E$7/G62+I62)/(Parametros!$E$6+Parametros!$E$7/G62+I62)) | K62: 2026-10-09 12:20 | L62: Patamar baixo de ripple (suspeita DAQ) | M62: =IF(L62="Válido","Sim","Não") | N62: Ripple x C mediano da config = 577 (esperado ~730 a 80W)
A63: 2Bracos_2700_R1000_80W_2026-10-09_12_20.csv | B63: 80W_2700RPM_R1000 | C63: 80 | D63: 2700 | E63: =D63*2/60 | F63: 1000 | G63: 2 | H63: =INDEX(Parametros!$B$2:$B$9,MATCH(G63,Parametros!$A$2:$A$9,0)) | I63: =1/(VALUE(MID(F63,1,1))/Parametros!$E$2+VALUE(MID(F63,2,1))/Parametros!$E$3+VALUE(MID(F63,3,1))/Parametros!$E$4+VALUE(MID(F63,4,1))/Parametros!$E$5) | J63: =IF(G63=0,Parametros!$E$8,Parametros!$E$6+Parametros!$E$6*(Parametros!$E$7/G63+I63)/(Parametros!$E$6+Parametros!$E$7/G63+I63)) | K63: 2026-10-09 12:20 | L63: Patamar baixo de ripple (suspeita DAQ) | M63: =IF(L63="Válido","Sim","Não") | N63: Ripple x C mediano da config = 577 (esperado ~730 a 80W)
A64: 1Bracos_2700_R1000_80W_2026-10-09_12_20.csv | B64: 80W_2700RPM_R1000 | C64: 80 | D64: 2700 | E64: =D64*2/60 | F64: 1000 | G64: 1 | H64: =INDEX(Parametros!$B$2:$B$9,MATCH(G64,Parametros!$A$2:$A$9,0)) | I64: =1/(VALUE(MID(F64,1,1))/Parametros!$E$2+VALUE(MID(F64,2,1))/Parametros!$E$3+VALUE(MID(F64,3,1))/Parametros!$E$4+VALUE(MID(F64,4,1))/Parametros!$E$5) | J64: =IF(G64=0,Parametros!$E$8,Parametros!$E$6+Parametros!$E$6*(Parametros!$E$7/G64+I64)/(Parametros!$E$6+Parametros!$E$7/G64+I64)) | K64: 2026-10-09 12:20 | L64: Patamar baixo de ripple (suspeita DAQ) | M64: =IF(L64="Válido","Sim","Não") | N64: Ripple x C mediano da config = 577 (esperado ~730 a 80W)
A65: 0Bracos_2700_R1000_80W_2026-10-09_12_20.csv | B65: 80W_2700RPM_R1000 | C65: 80 | D65: 2700 | E65: =D65*2/60 | F65: 1000 | G65: 0 | H65: =INDEX(Parametros!$B$2:$B$9,MATCH(G65,Parametros!$A$2:$A$9,0)) | I65: =1/(VALUE(MID(F65,1,1))/Parametros!$E$2+VALUE(MID(F65,2,1))/Parametros!$E$3+VALUE(MID(F65,3,1))/Parametros!$E$4+VALUE(MID(F65,4,1))/Parametros!$E$5) | J65: =IF(G65=0,Parametros!$E$8,Parametros!$E$6+Parametros!$E$6*(Parametros!$E$7/G65+I65)/(Parametros!$E$6+Parametros!$E$7/G65+I65)) | K65: 2026-10-09 12:20 | L65: Patamar baixo de ripple (suspeita DAQ) | M65: =IF(L65="Válido","Sim","Não") | N65: Ripple x C mediano da config = 577 (esperado ~730 a 80W)
A66: 7Bracos_2700_R1001_80W_2026-10-09_12_20.csv | B66: 80W_2700RPM_R1001 | C66: 80 | D66: 2700 | E66: =D66*2/60 | F66: 1001 | G66: 7 | H66: =INDEX(Parametros!$B$2:$B$9,MATCH(G66,Parametros!$A$2:$A$9,0)) | I66: =1/(VALUE(MID(F66,1,1))/Parametros!$E$2+VALUE(MID(F66,2,1))/Parametros!$E$3+VALUE(MID(F66,3,1))/Parametros!$E$4+VALUE(MID(F66,4,1))/Parametros!$E$5) | J66: =IF(G66=0,Parametros!$E$8,Parametros!$E$6+Parametros!$E$6*(Parametros!$E$7/G66+I66)/(Parametros!$E$6+Parametros!$E$7/G66+I66)) | K66: 2026-10-09 12:20 | L66: Patamar baixo de ripple (suspeita DAQ) | M66: =IF(L66="Válido","Sim","Não") | N66: Ripple x C mediano da config = 514 (esperado ~730 a 80W)
A67: 6Bracos_2700_R1001_80W_2026-10-09_12_20.csv | B67: 80W_2700RPM_R1001 | C67: 80 | D67: 2700 | E67: =D67*2/60 | F67: 1001 | G67: 6 | H67: =INDEX(Parametros!$B$2:$B$9,MATCH(G67,Parametros!$A$2:$A$9,0)) | I67: =1/(VALUE(MID(F67,1,1))/Parametros!$E$2+VALUE(MID(F67,2,1))/Parametros!$E$3+VALUE(MID(F67,3,1))/Parametros!$E$4+VALUE(MID(F67,4,1))/Parametros!$E$5) | J67: =IF(G67=0,Parametros!$E$8,Parametros!$E$6+Parametros!$E$6*(Parametros!$E$7/G67+I67)/(Parametros!$E$6+Parametros!$E$7/G67+I67)) | K67: 2026-10-09 12:20 | L67: Patamar baixo de ripple (suspeita DAQ) | M67: =IF(L67="Válido","Sim","Não") | N67: Ripple x C mediano da config = 514 (esperado ~730 a 80W)
A68: 5Bracos_2700_R1001_80W_2026-10-09_12_20.csv | B68: 80W_2700RPM_R1001 | C68: 80 | D68: 2700 | E68: =D68*2/60 | F68: 1001 | G68: 5 | H68: =INDEX(Parametros!$B$2:$B$9,MATCH(G68,Parametros!$A$2:$A$9,0)) | I68: =1/(VALUE(MID(F68,1,1))/Parametros!$E$2+VALUE(MID(F68,2,1))/Parametros!$E$3+VALUE(MID(F68,3,1))/Parametros!$E$4+VALUE(MID(F68,4,1))/Parametros!$E$5) | J68: =IF(G68=0,Parametros!$E$8,Parametros!$E$6+Parametros!$E$6*(Parametros!$E$7/G68+I68)/(Parametros!$E$6+Parametros!$E$7/G68+I68)) | K68: 2026-10-09 12:20 | L68: Patamar baixo de ripple (suspeita DAQ) | M68: =IF(L68="Válido","Sim","Não") | N68: Ripple x C mediano da config = 514 (esperado ~730 a 80W)
A69: 4Bracos_2700_R1001_80W_2026-10-09_12_20.csv | B69: 80W_2700RPM_R1001 | C69: 80 | D69: 2700 | E69: =D69*2/60 | F69: 1001 | G69: 4 | H69: =INDEX(Parametros!$B$2:$B$9,MATCH(G69,Parametros!$A$2:$A$9,0)) | I69: =1/(VALUE(MID(F69,1,1))/Parametros!$E$2+VALUE(MID(F69,2,1))/Parametros!$E$3+VALUE(MID(F69,3,1))/Parametros!$E$4+VALUE(MID(F69,4,1))/Parametros!$E$5) | J69: =IF(G69=0,Parametros!$E$8,Parametros!$E$6+Parametros!$E$6*(Parametros!$E$7/G69+I69)/(Parametros!$E$6+Parametros!$E$7/G69+I69)) | K69: 2026-10-09 12:20 | L69: Patamar baixo de ripple (suspeita DAQ) | M69: =IF(L69="Válido","Sim","Não") | N69: Ripple x C mediano da config = 514 (esperado ~730 a 80W)
... A97: 0Bracos_2700_R1100_80W_2026-10-09_12_20.csv | B97: 80W_2700RPM_R1100 | C97: 80 | D97: 2700 | E97: =D97*2/60 | F97: 1100 | G97: 0 | H97: =INDEX(Parametros!$B$2:$B$9,MATCH(G97,Parametros!$A$2:$A$9,0)) | I97: =1/(VALUE(MID(F97,1,1))/Parametros!$E$2+VALUE(MID(F97,2,1))/Parametros!$E$3+VALUE(MID(F97,3,1))/Parametros!$E$4+VALUE(MID(F97,4,1))/Parametros!$E$5) | J97: =IF(G97=0,Parametros!$E$8,Parametros!$E$6+Parametros!$E$6*(Parametros!$E$7/G97+I97)/(Parametros!$E$6+Parametros!$E$7/G97+I97)) | K97: 2026-10-09 12:20 | L97: Patamar baixo de ripple (suspeita DAQ) | M97: =IF(L97="Válido","Sim","Não") | N97: Ripple x C mediano da config = 589 (esperado ~730 a 80W)
A98: 7Bracos_2700_R1101_80W_2026-10-09_12_20.csv | B98: 80W_2700RPM_R1101 | C98: 80 | D98: 2700 | E98: =D98*2/60 | F98: 1101 | G98: 7 | H98: =INDEX(Parametros!$B$2:$B$9,MATCH(G98,Parametros!$A$2:$A$9,0)) | I98: =1/(VALUE(MID(F98,1,1))/Parametros!$E$2+VALUE(MID(F98,2,1))/Parametros!$E$3+VALUE(MID(F98,3,1))/Parametros!$E$4+VALUE(MID(F98,4,1))/Parametros!$E$5) | J98: =IF(G98=0,Parametros!$E$8,Parametros!$E$6+Parametros!$E$6*(Parametros!$E$7/G98+I98)/(Parametros!$E$6+Parametros!$E$7/G98+I98)) | K98: 2026-10-09 12:20 | L98: Válido | M98: =IF(L98="Válido","Sim","Não")
A99: 6Bracos_2700_R1101_80W_2026-10-09_12_20.csv | B99: 80W_2700RPM_R1101 | C99: 80 | D99: 2700 | E99: =D99*2/60 | F99: 1101 | G99: 6 | H99: =INDEX(Parametros!$B$2:$B$9,MATCH(G99,Parametros!$A$2:$A$9,0)) | I99: =1/(VALUE(MID(F99,1,1))/Parametros!$E$2+VALUE(MID(F99,2,1))/Parametros!$E$3+VALUE(MID(F99,3,1))/Parametros!$E$4+VALUE(MID(F99,4,1))/Parametros!$E$5) | J99: =IF(G99=0,Parametros!$E$8,Parametros!$E$6+Parametros!$E$6*(Parametros!$E$7/G99+I99)/(Parametros!$E$6+Parametros!$E$7/G99+I99)) | K99: 2026-10-09 12:20 | L99: Válido | M99: =IF(L99="Válido","Sim","Não")
A100: 5Bracos_2700_R1101_80W_2026-10-09_12_20.csv | B100: 80W_2700RPM_R1101 | C100: 80 | D100: 2700 | E100: =D100*2/60 | F100: 1101 | G100: 5 | H100: =INDEX(Parametros!$B$2:$B$9,MATCH(G100,Parametros!$A$2:$A$9,0)) | I100: =1/(VALUE(MID(F100,1,1))/Parametros!$E$2+VALUE(MID(F100,2,1))/Parametros!$E$3+VALUE(MID(F100,3,1))/Parametros!$E$4+VALUE(MID(F100,4,1))/Parametros!$E$5) | J100: =IF(G100=0,Parametros!$E$8,Parametros!$E$6+Parametros!$E$6*(Parametros!$E$7/G100+I100)/(Parametros!$E$6+Parametros!$E$7/G100+I100)) | K100: 2026-10-09 12:20 | L100: Válido | M100: =IF(L100="Válido","Sim","Não")
A101: 4Bracos_2700_R1101_80W_2026-10-09_12_20.csv | B101: 80W_2700RPM_R1101 | C101: 80 | D101: 2700 | E101: =D101*2/60 | F101: 1101 | G101: 4 | H101: =INDEX(Parametros!$B$2:$B$9,MATCH(G101,Parametros!$A$2:$A$9,0)) | I101: =1/(VALUE(MID(F101,1,1))/Parametros!$E$2+VALUE(MID(F101,2,1))/Parametros!$E$3+VALUE(MID(F101,3,1))/Parametros!$E$4+VALUE(MID(F101,4,1))/Parametros!$E$5) | J101: =IF(G101=0,Parametros!$E$8,Parametros!$E$6+Parametros!$E$6*(Parametros!$E$7/G101+I101)/(Parametros!$E$6+Parametros!$E$7/G101+I101)) | K101: 2026-10-09 12:20 | L101: Válido | M101: =IF(L101="Válido","Sim","Não")
A102: 3Bracos_2700_R1101_80W_2026-10-09_12_20.csv | B102: 80W_2700RPM_R1101 | C102: 80 | D102: 2700 | E102: =D102*2/60 | F102: 1101 | G102: 3 | H102: =INDEX(Parametros!$B$2:$B$9,MATCH(G102,Parametros!$A$2:$A$9,0)) | I102: =1/(VALUE(MID(F102,1,1))/Parametros!$E$2+VALUE(MID(F102,2,1))/Parametros!$E$3+VALUE(MID(F102,3,1))/Parametros!$E$4+VALUE(MID(F102,4,1))/Parametros!$E$5) | J102: =IF(G102=0,Parametros!$E$8,Parametros!$E$6+Parametros!$E$6*(Parametros!$E$7/G102+I102)/(Parametros!$E$6+Parametros!$E$7/G102+I102)) | K102: 2026-10-09 12:20 | L102: Válido | M102: =IF(L102="Válido","Sim","Não")
A103: 2Bracos_2700_R1101_80W_2026-10-09_12_20.csv | B103: 80W_2700RPM_R1101 | C103: 80 | D103: 2700 | E103: =D103*2/60 | F103: 1101 | G103: 2 | H103: =INDEX(Parametros!$B$2:$B$9,MATCH(G103,Parametros!$A$2:$A$9,0)) | I103: =1/(VALUE(MID(F103,1,1))/Parametros!$E$2+VALUE(MID(F103,2,1))/Parametros!$E$3+VALUE(MID(F103,3,1))/Parametros!$E$4+VALUE(MID(F103,4,1))/Parametros!$E$5) | J103: =IF(G103=0,Parametros!$E$8,Parametros!$E$6+Parametros!$E$6*(Parametros!$E$7/G103+I103)/(Parametros!$E$6+Parametros!$E$7/G103+I103)) | K103: 2026-10-09 12:20 | L103: Válido | M103: =IF(L103="Válido","Sim","Não")
A104: 1Bracos_2700_R1101_80W_2026-10-09_12_20.csv | B104: 80W_2700RPM_R1101 | C104: 80 | D104: 2700 | E104: =D104*2/60 | F104: 1101 | G104: 1 | H104: =INDEX(Parametros!$B$2:$B$9,MATCH(G104,Parametros!$A$2:$A$9,0)) | I104: =1/(VALUE(MID(F104,1,1))/Parametros!$E$2+VALUE(MID(F104,2,1))/Parametros!$E$3+VALUE(MID(F104,3,1))/Parametros!$E$4+VALUE(MID(F104,4,1))/Parametros!$E$5) | J104: =IF(G104=0,Parametros!$E$8,Parametros!$E$6+Parametros!$E$6*(Parametros!$E$7/G104+I104)/(Parametros!$E$6+Parametros!$E$7/G104+I104)) | K104: 2026-10-09 12:20 | L104: Válido | M104: =IF(L104="Válido","Sim","Não")
A105: 0Bracos_2700_R1101_80W_2026-10-09_12_20.csv | B105: 80W_2700RPM_R1101 | C105: 80 | D105: 2700 | E105: =D105*2/60 | F105: 1101 | G105: 0 | H105: =INDEX(Parametros!$B$2:$B$9,MATCH(G105,Parametros!$A$2:$A$9,0)) | I105: =1/(VALUE(MID(F105,1,1))/Parametros!$E$2+VALUE(MID(F105,2,1))/Parametros!$E$3+VALUE(MID(F105,3,1))/Parametros!$E$4+VALUE(MID(F105,4,1))/Parametros!$E$5) | J105: =IF(G105=0,Parametros!$E$8,Parametros!$E$6+Parametros!$E$6*(Parametros!$E$7/G105+I105)/(Parametros!$E$6+Parametros!$E$7/G105+I105)) | K105: 2026-10-09 12:20 | L105: Válido | M105: =IF(L105="Válido","Sim","Não")
A106: 7Bracos_2700_R1110_80W_2026-10-09_12_20.csv | B106: 80W_2700RPM_R1110 | C106: 80 | D106: 2700 | E106: =D106*2/60 | F106: 1110 | G106: 7 | H106: =INDEX(Parametros!$B$2:$B$9,MATCH(G106,Parametros!$A$2:$A$9,0)) | I106: =1/(VALUE(MID(F106,1,1))/Parametros!$E$2+VALUE(MID(F106,2,1))/Parametros!$E$3+VALUE(MID(F106,3,1))/Parametros!$E$4+VALUE(MID(F106,4,1))/Parametros!$E$5) | J106: =IF(G106=0,Parametros!$E$8,Parametros!$E$6+Parametros!$E$6*(Parametros!$E$7/G106+I106)/(Parametros!$E$6+Parametros!$E$7/G106+I106)) | K106: 2026-10-09 12:20 | L106: Válido | M106: =IF(L106="Válido","Sim","Não")
A107: 6Bracos_2700_R1110_80W_2026-10-09_12_20.csv | B107: 80W_2700RPM_R1110 | C107: 80 | D107: 2700 | E107: =D107*2/60 | F107: 1110 | G107: 6 | H107: =INDEX(Parametros!$B$2:$B$9,MATCH(G107,Parametros!$A$2:$A$9,0)) | I107: =1/(VALUE(MID(F107,1,1))/Parametros!$E$2+VALUE(MID(F107,2,1))/Parametros!$E$3+VALUE(MID(F107,3,1))/Parametros!$E$4+VALUE(MID(F107,4,1))/Parametros!$E$5) | J107: =IF(G107=0,Parametros!$E$8,Parametros!$E$6+Parametros!$E$6*(Parametros!$E$7/G107+I107)/(Parametros!$E$6+Parametros!$E$7/G107+I107)) | K107: 2026-10-09 12:20 | L107: Válido | M107: =IF(L107="Válido","Sim","Não")
A108: 5Bracos_2700_R1110_80W_2026-10-09_12_20.csv | B108: 80W_2700RPM_R1110 | C108: 80 | D108: 2700 | E108: =D108*2/60 | F108: 1110 | G108: 5 | H108: =INDEX(Parametros!$B$2:$B$9,MATCH(G108,Parametros!$A$2:$A$9,0)) | I108: =1/(VALUE(MID(F108,1,1))/Parametros!$E$2+VALUE(MID(F108,2,1))/Parametros!$E$3+VALUE(MID(F108,3,1))/Parametros!$E$4+VALUE(MID(F108,4,1))/Parametros!$E$5) | J108: =IF(G108=0,Parametros!$E$8,Parametros!$E$6+Parametros!$E$6*(Parametros!$E$7/G108+I108)/(Parametros!$E$6+Parametros!$E$7/G108+I108)) | K108: 2026-10-09 12:20 | L108: Válido | M108: =IF(L108="Válido","Sim","Não")
A109: 4Bracos_2700_R1110_80W_2026-10-09_12_20.csv | B109: 80W_2700RPM_R1110 | C109: 80 | D109: 2700 | E109: =D109*2/60 | F109: 1110 | G109: 4 | H109: =INDEX(Parametros!$B$2:$B$9,MATCH(G109,Parametros!$A$2:$A$9,0)) | I109: =1/(VALUE(MID(F109,1,1))/Parametros!$E$2+VALUE(MID(F109,2,1))/Parametros!$E$3+VALUE(MID(F109,3,1))/Parametros!$E$4+VALUE(MID(F109,4,1))/Parametros!$E$5) | J109: =IF(G109=0,Parametros!$E$8,Parametros!$E$6+Parametros!$E$6*(Parametros!$E$7/G109+I109)/(Parametros!$E$6+Parametros!$E$7/G109+I109)) | K109: 2026-10-09 12:20 | L109: Válido | M109: =IF(L109="Válido","Sim","Não")
... A129: 0Bracos_3000_R0001_80W_2026-10-09_12_20.csv | B129: 80W_3000RPM_R0001 | C129: 80 | D129: 3000 | E129: =D129*2/60 | F129: 0001 | G129: 0 | H129: =INDEX(Parametros!$B$2:$B$9,MATCH(G129,Parametros!$A$2:$A$9,0)) | I129: =1/(VALUE(MID(F129,1,1))/Parametros!$E$2+VALUE(MID(F129,2,1))/Parametros!$E$3+VALUE(MID(F129,3,1))/Parametros!$E$4+VALUE(MID(F129,4,1))/Parametros!$E$5) | J129: =IF(G129=0,Parametros!$E$8,Parametros!$E$6+Parametros!$E$6*(Parametros!$E$7/G129+I129)/(Parametros!$E$6+Parametros!$E$7/G129+I129)) | K129: 2026-10-09 12:20 | L129: Válido | M129: =IF(L129="Válido","Sim","Não")
A130: 7Bracos_3000_R0001_80W_2026-09-28_10_00.csv | B130: 80W_3000RPM_R0001 | C130: 80 | D130: 3000 | E130: =D130*2/60 | F130: 0001 | G130: 7 | H130: =INDEX(Parametros!$B$2:$B$9,MATCH(G130,Parametros!$A$2:$A$9,0)) | I130: =1/(VALUE(MID(F130,1,1))/Parametros!$E$2+VALUE(MID(F130,2,1))/Parametros!$E$3+VALUE(MID(F130,3,1))/Parametros!$E$4+VALUE(MID(F130,4,1))/Parametros!$E$5) | J130: =IF(G130=0,Parametros!$E$8,Parametros!$E$6+Parametros!$E$6*(Parametros!$E$7/G130+I130)/(Parametros!$E$6+Parametros!$E$7/G130+I130)) | K130: 2026-09-28 10:00 | L130: Substituído (refeito) | M130: =IF(L130="Válido","Sim","Não") | N130: Existe ensaio mais novo para a mesma condição
A131: 6Bracos_3000_R0001_80W_2026-09-28_10_00.csv | B131: 80W_3000RPM_R0001 | C131: 80 | D131: 3000 | E131: =D131*2/60 | F131: 0001 | G131: 6 | H131: =INDEX(Parametros!$B$2:$B$9,MATCH(G131,Parametros!$A$2:$A$9,0)) | I131: =1/(VALUE(MID(F131,1,1))/Parametros!$E$2+VALUE(MID(F131,2,1))/Parametros!$E$3+VALUE(MID(F131,3,1))/Parametros!$E$4+VALUE(MID(F131,4,1))/Parametros!$E$5) | J131: =IF(G131=0,Parametros!$E$8,Parametros!$E$6+Parametros!$E$6*(Parametros!$E$7/G131+I131)/(Parametros!$E$6+Parametros!$E$7/G131+I131)) | K131: 2026-09-28 10:00 | L131: Substituído (refeito) | M131: =IF(L131="Válido","Sim","Não") | N131: Existe ensaio mais novo para a mesma condição
A132: 5Bracos_3000_R0001_80W_2026-09-28_10_00.csv | B132: 80W_3000RPM_R0001 | C132: 80 | D132: 3000 | E132: =D132*2/60 | F132: 0001 | G132: 5 | H132: =INDEX(Parametros!$B$2:$B$9,MATCH(G132,Parametros!$A$2:$A$9,0)) | I132: =1/(VALUE(MID(F132,1,1))/Parametros!$E$2+VALUE(MID(F132,2,1))/Parametros!$E$3+VALUE(MID(F132,3,1))/Parametros!$E$4+VALUE(MID(F132,4,1))/Parametros!$E$5) | J132: =IF(G132=0,Parametros!$E$8,Parametros!$E$6+Parametros!$E$6*(Parametros!$E$7/G132+I132)/(Parametros!$E$6+Parametros!$E$7/G132+I132)) | K132: 2026-09-28 10:00 | L132: Substituído (refeito) | M132: =IF(L132="Válido","Sim","Não") | N132: Existe ensaio mais novo para a mesma condição
A133: 4Bracos_3000_R0001_80W_2026-09-28_10_00.csv | B133: 80W_3000RPM_R0001 | C133: 80 | D133: 3000 | E133: =D133*2/60 | F133: 0001 | G133: 4 | H133: =INDEX(Parametros!$B$2:$B$9,MATCH(G133,Parametros!$A$2:$A$9,0)) | I133: =1/(VALUE(MID(F133,1,1))/Parametros!$E$2+VALUE(MID(F133,2,1))/Parametros!$E$3+VALUE(MID(F133,3,1))/Parametros!$E$4+VALUE(MID(F133,4,1))/Parametros!$E$5) | J133: =IF(G133=0,Parametros!$E$8,Parametros!$E$6+Parametros!$E$6*(Parametros!$E$7/G133+I133)/(Parametros!$E$6+Parametros!$E$7/G133+I133)) | K133: 2026-09-28 10:00 | L133: Substituído (refeito) | M133: =IF(L133="Válido","Sim","Não") | N133: Existe ensaio mais novo para a mesma condição
A134: 3Bracos_3000_R0001_80W_2026-09-28_10_00.csv | B134: 80W_3000RPM_R0001 | C134: 80 | D134: 3000 | E134: =D134*2/60 | F134: 0001 | G134: 3 | H134: =INDEX(Parametros!$B$2:$B$9,MATCH(G134,Parametros!$A$2:$A$9,0)) | I134: =1/(VALUE(MID(F134,1,1))/Parametros!$E$2+VALUE(MID(F134,2,1))/Parametros!$E$3+VALUE(MID(F134,3,1))/Parametros!$E$4+VALUE(MID(F134,4,1))/Parametros!$E$5) | J134: =IF(G134=0,Parametros!$E$8,Parametros!$E$6+Parametros!$E$6*(Parametros!$E$7/G134+I134)/(Parametros!$E$6+Parametros!$E$7/G134+I134)) | K134: 2026-09-28 10:00 | L134: Substituído (refeito) | M134: =IF(L134="Válido","Sim","Não") | N134: Existe ensaio mais novo para a mesma condição
A135: 2Bracos_3000_R0001_80W_2026-09-28_10_00.csv | B135: 80W_3000RPM_R0001 | C135: 80 | D135: 3000 | E135: =D135*2/60 | F135: 0001 | G135: 2 | H135: =INDEX(Parametros!$B$2:$B$9,MATCH(G135,Parametros!$A$2:$A$9,0)) | I135: =1/(VALUE(MID(F135,1,1))/Parametros!$E$2+VALUE(MID(F135,2,1))/Parametros!$E$3+VALUE(MID(F135,3,1))/Parametros!$E$4+VALUE(MID(F135,4,1))/Parametros!$E$5) | J135: =IF(G135=0,Parametros!$E$8,Parametros!$E$6+Parametros!$E$6*(Parametros!$E$7/G135+I135)/(Parametros!$E$6+Parametros!$E$7/G135+I135)) | K135: 2026-09-28 10:00 | L135: Substituído (refeito) | M135: =IF(L135="Válido","Sim","Não") | N135: Existe ensaio mais novo para a mesma condição
A136: 1Bracos_3000_R0001_80W_2026-09-28_10_00.csv | B136: 80W_3000RPM_R0001 | C136: 80 | D136: 3000 | E136: =D136*2/60 | F136: 0001 | G136: 1 | H136: =INDEX(Parametros!$B$2:$B$9,MATCH(G136,Parametros!$A$2:$A$9,0)) | I136: =1/(VALUE(MID(F136,1,1))/Parametros!$E$2+VALUE(MID(F136,2,1))/Parametros!$E$3+VALUE(MID(F136,3,1))/Parametros!$E$4+VALUE(MID(F136,4,1))/Parametros!$E$5) | J136: =IF(G136=0,Parametros!$E$8,Parametros!$E$6+Parametros!$E$6*(Parametros!$E$7/G136+I136)/(Parametros!$E$6+Parametros!$E$7/G136+I136)) | K136: 2026-09-28 10:00 | L136: Substituído (refeito) | M136: =IF(L136="Válido","Sim","Não") | N136: Existe ensaio mais novo para a mesma condição
A137: 0Bracos_3000_R0001_80W_2026-09-28_10_00.csv | B137: 80W_3000RPM_R0001 | C137: 80 | D137: 3000 | E137: =D137*2/60 | F137: 0001 | G137: 0 | H137: =INDEX(Parametros!$B$2:$B$9,MATCH(G137,Parametros!$A$2:$A$9,0)) | I137: =1/(VALUE(MID(F137,1,1))/Parametros!$E$2+VALUE(MID(F137,2,1))/Parametros!$E$3+VALUE(MID(F137,3,1))/Parametros!$E$4+VALUE(MID(F137,4,1))/Parametros!$E$5) | J137: =IF(G137=0,Parametros!$E$8,Parametros!$E$6+Parametros!$E$6*(Parametros!$E$7/G137+I137)/(Parametros!$E$6+Parametros!$E$7/G137+I137)) | K137: 2026-09-28 10:00 | L137: Substituído (refeito) | M137: =IF(L137="Válido","Sim","Não") | N137: Existe ensaio mais novo para a mesma condição
A138: 7Bracos_3000_R0010_80W_2026-09-28_10_00.csv | B138: 80W_3000RPM_R0010 | C138: 80 | D138: 3000 | E138: =D138*2/60 | F138: 0010 | G138: 7 | H138: =INDEX(Parametros!$B$2:$B$9,MATCH(G138,Parametros!$A$2:$A$9,0)) | I138: =1/(VALUE(MID(F138,1,1))/Parametros!$E$2+VALUE(MID(F138,2,1))/Parametros!$E$3+VALUE(MID(F138,3,1))/Parametros!$E$4+VALUE(MID(F138,4,1))/Parametros!$E$5) | J138: =IF(G138=0,Parametros!$E$8,Parametros!$E$6+Parametros!$E$6*(Parametros!$E$7/G138+I138)/(Parametros!$E$6+Parametros!$E$7/G138+I138)) | K138: 2026-09-28 10:00 | L138: Patamar baixo de ripple (suspeita DAQ) | M138: =IF(L138="Válido","Sim","Não") | N138: Ripple x C mediano da config = 501 (esperado ~730 a 80W)
A139: 6Bracos_3000_R0010_80W_2026-09-28_10_00.csv | B139: 80W_3000RPM_R0010 | C139: 80 | D139: 3000 | E139: =D139*2/60 | F139: 0010 | G139: 6 | H139: =INDEX(Parametros!$B$2:$B$9,MATCH(G139,Parametros!$A$2:$A$9,0)) | I139: =1/(VALUE(MID(F139,1,1))/Parametros!$E$2+VALUE(MID(F139,2,1))/Parametros!$E$3+VALUE(MID(F139,3,1))/Parametros!$E$4+VALUE(MID(F139,4,1))/Parametros!$E$5) | J139: =IF(G139=0,Parametros!$E$8,Parametros!$E$6+Parametros!$E$6*(Parametros!$E$7/G139+I139)/(Parametros!$E$6+Parametros!$E$7/G139+I139)) | K139: 2026-09-28 10:00 | L139: Patamar baixo de ripple (suspeita DAQ) | M139: =IF(L139="Válido","Sim","Não") | N139: Ripple x C mediano da config = 501 (esperado ~730 a 80W)
A140: 5Bracos_3000_R0010_80W_2026-09-28_10_00.csv | B140: 80W_3000RPM_R0010 | C140: 80 | D140: 3000 | E140: =D140*2/60 | F140: 0010 | G140: 5 | H140: =INDEX(Parametros!$B$2:$B$9,MATCH(G140,Parametros!$A$2:$A$9,0)) | I140: =1/(VALUE(MID(F140,1,1))/Parametros!$E$2+VALUE(MID(F140,2,1))/Parametros!$E$3+VALUE(MID(F140,3,1))/Parametros!$E$4+VALUE(MID(F140,4,1))/Parametros!$E$5) | J140: =IF(G140=0,Parametros!$E$8,Parametros!$E$6+Parametros!$E$6*(Parametros!$E$7/G140+I140)/(Parametros!$E$6+Parametros!$E$7/G140+I140)) | K140: 2026-09-28 10:00 | L140: Patamar baixo de ripple (suspeita DAQ) | M140: =IF(L140="Válido","Sim","Não") | N140: Ripple x C mediano da config = 501 (esperado ~730 a 80W)
A141: 4Bracos_3000_R0010_80W_2026-09-28_10_00.csv | B141: 80W_3000RPM_R0010 | C141: 80 | D141: 3000 | E141: =D141*2/60 | F141: 0010 | G141: 4 | H141: =INDEX(Parametros!$B$2:$B$9,MATCH(G141,Parametros!$A$2:$A$9,0)) | I141: =1/(VALUE(MID(F141,1,1))/Parametros!$E$2+VALUE(MID(F141,2,1))/Parametros!$E$3+VALUE(MID(F141,3,1))/Parametros!$E$4+VALUE(MID(F141,4,1))/Parametros!$E$5) | J141: =IF(G141=0,Parametros!$E$8,Parametros!$E$6+Parametros!$E$6*(Parametros!$E$7/G141+I141)/(Parametros!$E$6+Parametros!$E$7/G141+I141)) | K141: 2026-09-28 10:00 | L141: Patamar baixo de ripple (suspeita DAQ) | M141: =IF(L141="Válido","Sim","Não") | N141: Ripple x C mediano da config = 501 (esperado ~730 a 80W)
... A217: 0Bracos_3000_R1011_80W_2026-09-28_10_00.csv | B217: 80W_3000RPM_R1011 | C217: 80 | D217: 3000 | E217: =D217*2/60 | F217: 1011 | G217: 0 | H217: =INDEX(Parametros!$B$2:$B$9,MATCH(G217,Parametros!$A$2:$A$9,0)) | I217: =1/(VALUE(MID(F217,1,1))/Parametros!$E$2+VALUE(MID(F217,2,1))/Parametros!$E$3+VALUE(MID(F217,3,1))/Parametros!$E$4+VALUE(MID(F217,4,1))/Parametros!$E$5) | J217: =IF(G217=0,Parametros!$E$8,Parametros!$E$6+Parametros!$E$6*(Parametros!$E$7/G217+I217)/(Parametros!$E$6+Parametros!$E$7/G217+I217)) | K217: 2026-09-28 10:00 | L217: Patamar baixo de ripple (suspeita DAQ) | M217: =IF(L217="Válido","Sim","Não") | N217: Ripple x C mediano da config = 504 (esperado ~730 a 80W)
A218: 7Bracos_3000_R1100_80W_2026-10-09_12_20.csv | B218: 80W_3000RPM_R1100 | C218: 80 | D218: 3000 | E218: =D218*2/60 | F218: 1100 | G218: 7 | H218: =INDEX(Parametros!$B$2:$B$9,MATCH(G218,Parametros!$A$2:$A$9,0)) | I218: =1/(VALUE(MID(F218,1,1))/Parametros!$E$2+VALUE(MID(F218,2,1))/Parametros!$E$3+VALUE(MID(F218,3,1))/Parametros!$E$4+VALUE(MID(F218,4,1))/Parametros!$E$5) | J218: =IF(G218=0,Parametros!$E$8,Parametros!$E$6+Parametros!$E$6*(Parametros!$E$7/G218+I218)/(Parametros!$E$6+Parametros!$E$7/G218+I218)) | K218: 2026-10-09 12:20 | L218: Válido | M218: =IF(L218="Válido","Sim","Não")
A219: 6Bracos_3000_R1100_80W_2026-10-09_12_20.csv | B219: 80W_3000RPM_R1100 | C219: 80 | D219: 3000 | E219: =D219*2/60 | F219: 1100 | G219: 6 | H219: =INDEX(Parametros!$B$2:$B$9,MATCH(G219,Parametros!$A$2:$A$9,0)) | I219: =1/(VALUE(MID(F219,1,1))/Parametros!$E$2+VALUE(MID(F219,2,1))/Parametros!$E$3+VALUE(MID(F219,3,1))/Parametros!$E$4+VALUE(MID(F219,4,1))/Parametros!$E$5) | J219: =IF(G219=0,Parametros!$E$8,Parametros!$E$6+Parametros!$E$6*(Parametros!$E$7/G219+I219)/(Parametros!$E$6+Parametros!$E$7/G219+I219)) | K219: 2026-10-09 12:20 | L219: Válido | M219: =IF(L219="Válido","Sim","Não")
A220: 5Bracos_3000_R1100_80W_2026-10-09_12_20.csv | B220: 80W_3000RPM_R1100 | C220: 80 | D220: 3000 | E220: =D220*2/60 | F220: 1100 | G220: 5 | H220: =INDEX(Parametros!$B$2:$B$9,MATCH(G220,Parametros!$A$2:$A$9,0)) | I220: =1/(VALUE(MID(F220,1,1))/Parametros!$E$2+VALUE(MID(F220,2,1))/Parametros!$E$3+VALUE(MID(F220,3,1))/Parametros!$E$4+VALUE(MID(F220,4,1))/Parametros!$E$5) | J220: =IF(G220=0,Parametros!$E$8,Parametros!$E$6+Parametros!$E$6*(Parametros!$E$7/G220+I220)/(Parametros!$E$6+Parametros!$E$7/G220+I220)) | K220: 2026-10-09 12:20 | L220: Válido | M220: =IF(L220="Válido","Sim","Não")
A221: 4Bracos_3000_R1100_80W_2026-10-09_12_20.csv | B221: 80W_3000RPM_R1100 | C221: 80 | D221: 3000 | E221: =D221*2/60 | F221: 1100 | G221: 4 | H221: =INDEX(Parametros!$B$2:$B$9,MATCH(G221,Parametros!$A$2:$A$9,0)) | I221: =1/(VALUE(MID(F221,1,1))/Parametros!$E$2+VALUE(MID(F221,2,1))/Parametros!$E$3+VALUE(MID(F221,3,1))/Parametros!$E$4+VALUE(MID(F221,4,1))/Parametros!$E$5) | J221: =IF(G221=0,Parametros!$E$8,Parametros!$E$6+Parametros!$E$6*(Parametros!$E$7/G221+I221)/(Parametros!$E$6+Parametros!$E$7/G221+I221)) | K221: 2026-10-09 12:20 | L221: Válido | M221: =IF(L221="Válido","Sim","Não")
A222: 3Bracos_3000_R1100_80W_2026-10-09_12_20.csv | B222: 80W_3000RPM_R1100 | C222: 80 | D222: 3000 | E222: =D222*2/60 | F222: 1100 | G222: 3 | H222: =INDEX(Parametros!$B$2:$B$9,MATCH(G222,Parametros!$A$2:$A$9,0)) | I222: =1/(VALUE(MID(F222,1,1))/Parametros!$E$2+VALUE(MID(F222,2,1))/Parametros!$E$3+VALUE(MID(F222,3,1))/Parametros!$E$4+VALUE(MID(F222,4,1))/Parametros!$E$5) | J222: =IF(G222=0,Parametros!$E$8,Parametros!$E$6+Parametros!$E$6*(Parametros!$E$7/G222+I222)/(Parametros!$E$6+Parametros!$E$7/G222+I222)) | K222: 2026-10-09 12:20 | L222: Válido | M222: =IF(L222="Válido","Sim","Não")
A223: 2Bracos_3000_R1100_80W_2026-10-09_12_20.csv | B223: 80W_3000RPM_R1100 | C223: 80 | D223: 3000 | E223: =D223*2/60 | F223: 1100 | G223: 2 | H223: =INDEX(Parametros!$B$2:$B$9,MATCH(G223,Parametros!$A$2:$A$9,0)) | I223: =1/(VALUE(MID(F223,1,1))/Parametros!$E$2+VALUE(MID(F223,2,1))/Parametros!$E$3+VALUE(MID(F223,3,1))/Parametros!$E$4+VALUE(MID(F223,4,1))/Parametros!$E$5) | J223: =IF(G223=0,Parametros!$E$8,Parametros!$E$6+Parametros!$E$6*(Parametros!$E$7/G223+I223)/(Parametros!$E$6+Parametros!$E$7/G223+I223)) | K223: 2026-10-09 12:20 | L223: Válido | M223: =IF(L223="Válido","Sim","Não")
A224: 1Bracos_3000_R1100_80W_2026-10-09_12_20.csv | B224: 80W_3000RPM_R1100 | C224: 80 | D224: 3000 | E224: =D224*2/60 | F224: 1100 | G224: 1 | H224: =INDEX(Parametros!$B$2:$B$9,MATCH(G224,Parametros!$A$2:$A$9,0)) | I224: =1/(VALUE(MID(F224,1,1))/Parametros!$E$2+VALUE(MID(F224,2,1))/Parametros!$E$3+VALUE(MID(F224,3,1))/Parametros!$E$4+VALUE(MID(F224,4,1))/Parametros!$E$5) | J224: =IF(G224=0,Parametros!$E$8,Parametros!$E$6+Parametros!$E$6*(Parametros!$E$7/G224+I224)/(Parametros!$E$6+Parametros!$E$7/G224+I224)) | K224: 2026-10-09 12:20 | L224: Válido | M224: =IF(L224="Válido","Sim","Não")
A225: 0Bracos_3000_R1100_80W_2026-10-09_12_20.csv | B225: 80W_3000RPM_R1100 | C225: 80 | D225: 3000 | E225: =D225*2/60 | F225: 1100 | G225: 0 | H225: =INDEX(Parametros!$B$2:$B$9,MATCH(G225,Parametros!$A$2:$A$9,0)) | I225: =1/(VALUE(MID(F225,1,1))/Parametros!$E$2+VALUE(MID(F225,2,1))/Parametros!$E$3+VALUE(MID(F225,3,1))/Parametros!$E$4+VALUE(MID(F225,4,1))/Parametros!$E$5) | J225: =IF(G225=0,Parametros!$E$8,Parametros!$E$6+Parametros!$E$6*(Parametros!$E$7/G225+I225)/(Parametros!$E$6+Parametros!$E$7/G225+I225)) | K225: 2026-10-09 12:20 | L225: Válido | M225: =IF(L225="Válido","Sim","Não")
A226: 7Bracos_3000_R1100_80W_2026-09-28_10_00.csv | B226: 80W_3000RPM_R1100 | C226: 80 | D226: 3000 | E226: =D226*2/60 | F226: 1100 | G226: 7 | H226: =INDEX(Parametros!$B$2:$B$9,MATCH(G226,Parametros!$A$2:$A$9,0)) | I226: =1/(VALUE(MID(F226,1,1))/Parametros!$E$2+VALUE(MID(F226,2,1))/Parametros!$E$3+VALUE(MID(F226,3,1))/Parametros!$E$4+VALUE(MID(F226,4,1))/Parametros!$E$5) | J226: =IF(G226=0,Parametros!$E$8,Parametros!$E$6+Parametros!$E$6*(Parametros!$E$7/G226+I226)/(Parametros!$E$6+Parametros!$E$7/G226+I226)) | K226: 2026-09-28 10:00 | L226: Substituído (refeito) | M226: =IF(L226="Válido","Sim","Não") | N226: Existe ensaio mais novo para a mesma condição
A227: 6Bracos_3000_R1100_80W_2026-09-28_10_00.csv | B227: 80W_3000RPM_R1100 | C227: 80 | D227: 3000 | E227: =D227*2/60 | F227: 1100 | G227: 6 | H227: =INDEX(Parametros!$B$2:$B$9,MATCH(G227,Parametros!$A$2:$A$9,0)) | I227: =1/(VALUE(MID(F227,1,1))/Parametros!$E$2+VALUE(MID(F227,2,1))/Parametros!$E$3+VALUE(MID(F227,3,1))/Parametros!$E$4+VALUE(MID(F227,4,1))/Parametros!$E$5) | J227: =IF(G227=0,Parametros!$E$8,Parametros!$E$6+Parametros!$E$6*(Parametros!$E$7/G227+I227)/(Parametros!$E$6+Parametros!$E$7/G227+I227)) | K227: 2026-09-28 10:00 | L227: Substituído (refeito) | M227: =IF(L227="Válido","Sim","Não") | N227: Existe ensaio mais novo para a mesma condição
A228: 5Bracos_3000_R1100_80W_2026-09-28_10_00.csv | B228: 80W_3000RPM_R1100 | C228: 80 | D228: 3000 | E228: =D228*2/60 | F228: 1100 | G228: 5 | H228: =INDEX(Parametros!$B$2:$B$9,MATCH(G228,Parametros!$A$2:$A$9,0)) | I228: =1/(VALUE(MID(F228,1,1))/Parametros!$E$2+VALUE(MID(F228,2,1))/Parametros!$E$3+VALUE(MID(F228,3,1))/Parametros!$E$4+VALUE(MID(F228,4,1))/Parametros!$E$5) | J228: =IF(G228=0,Parametros!$E$8,Parametros!$E$6+Parametros!$E$6*(Parametros!$E$7/G228+I228)/(Parametros!$E$6+Parametros!$E$7/G228+I228)) | K228: 2026-09-28 10:00 | L228: Substituído (refeito) | M228: =IF(L228="Válido","Sim","Não") | N228: Existe ensaio mais novo para a mesma condição
A229: 4Bracos_3000_R1100_80W_2026-09-28_10_00.csv | B229: 80W_3000RPM_R1100 | C229: 80 | D229: 3000 | E229: =D229*2/60 | F229: 1100 | G229: 4 | H229: =INDEX(Parametros!$B$2:$B$9,MATCH(G229,Parametros!$A$2:$A$9,0)) | I229: =1/(VALUE(MID(F229,1,1))/Parametros!$E$2+VALUE(MID(F229,2,1))/Parametros!$E$3+VALUE(MID(F229,3,1))/Parametros!$E$4+VALUE(MID(F229,4,1))/Parametros!$E$5) | J229: =IF(G229=0,Parametros!$E$8,Parametros!$E$6+Parametros!$E$6*(Parametros!$E$7/G229+I229)/(Parametros!$E$6+Parametros!$E$7/G229+I229)) | K229: 2026-09-28 10:00 | L229: Substituído (refeito) | M229: =IF(L229="Válido","Sim","Não") | N229: Existe ensaio mais novo para a mesma condição
A230: 3Bracos_3000_R1100_80W_2026-09-28_10_00.csv | B230: 80W_3000RPM_R1100 | C230: 80 | D230: 3000 | E230: =D230*2/60 | F230: 1100 | G230: 3 | H230: =INDEX(Parametros!$B$2:$B$9,MATCH(G230,Parametros!$A$2:$A$9,0)) | I230: =1/(VALUE(MID(F230,1,1))/Parametros!$E$2+VALUE(MID(F230,2,1))/Parametros!$E$3+VALUE(MID(F230,3,1))/Parametros!$E$4+VALUE(MID(F230,4,1))/Parametros!$E$5) | J230: =IF(G230=0,Parametros!$E$8,Parametros!$E$6+Parametros!$E$6*(Parametros!$E$7/G230+I230)/(Parametros!$E$6+Parametros!$E$7/G230+I230)) | K230: 2026-09-28 10:00 | L230: Substituído (refeito) | M230: =IF(L230="Válido","Sim","Não") | N230: Existe ensaio mais novo para a mesma condição
A231: 2Bracos_3000_R1100_80W_2026-09-28_10_00.csv | B231: 80W_3000RPM_R1100 | C231: 80 | D231: 3000 | E231: =D231*2/60 | F231: 1100 | G231: 2 | H231: =INDEX(Parametros!$B$2:$B$9,MATCH(G231,Parametros!$A$2:$A$9,0)) | I231: =1/(VALUE(MID(F231,1,1))/Parametros!$E$2+VALUE(MID(F231,2,1))/Parametros!$E$3+VALUE(MID(F231,3,1))/Parametros!$E$4+VALUE(MID(F231,4,1))/Parametros!$E$5) | J231: =IF(G231=0,Parametros!$E$8,Parametros!$E$6+Parametros!$E$6*(Parametros!$E$7/G231+I231)/(Parametros!$E$6+Parametros!$E$7/G231+I231)) | K231: 2026-09-28 10:00 | L231: Substituído (refeito) | M231: =IF(L231="Válido","Sim","Não") | N231: Existe ensaio mais novo para a mesma condição
A232: 1Bracos_3000_R1100_80W_2026-09-28_10_00.csv | B232: 80W_3000RPM_R1100 | C232: 80 | D232: 3000 | E232: =D232*2/60 | F232: 1100 | G232: 1 | H232: =INDEX(Parametros!$B$2:$B$9,MATCH(G232,Parametros!$A$2:$A$9,0)) | I232: =1/(VALUE(MID(F232,1,1))/Parametros!$E$2+VALUE(MID(F232,2,1))/Parametros!$E$3+VALUE(MID(F232,3,1))/Parametros!$E$4+VALUE(MID(F232,4,1))/Parametros!$E$5) | J232: =IF(G232=0,Parametros!$E$8,Parametros!$E$6+Parametros!$E$6*(Parametros!$E$7/G232+I232)/(Parametros!$E$6+Parametros!$E$7/G232+I232)) | K232: 2026-09-28 10:00 | L232: Substituído (refeito) | M232: =IF(L232="Válido","Sim","Não") | N232: Existe ensaio mais novo para a mesma condição
A233: 0Bracos_3000_R1100_80W_2026-09-28_10_00.csv | B233: 80W_3000RPM_R1100 | C233: 80 | D233: 3000 | E233: =D233*2/60 | F233: 1100 | G233: 0 | H233: =INDEX(Parametros!$B$2:$B$9,MATCH(G233,Parametros!$A$2:$A$9,0)) | I233: =1/(VALUE(MID(F233,1,1))/Parametros!$E$2+VALUE(MID(F233,2,1))/Parametros!$E$3+VALUE(MID(F233,3,1))/Parametros!$E$4+VALUE(MID(F233,4,1))/Parametros!$E$5) | J233: =IF(G233=0,Parametros!$E$8,Parametros!$E$6+Parametros!$E$6*(Parametros!$E$7/G233+I233)/(Parametros!$E$6+Parametros!$E$7/G233+I233)) | K233: 2026-09-28 10:00 | L233: Substituído (refeito) | M233: =IF(L233="Válido","Sim","Não") | N233: Existe ensaio mais novo para a mesma condição
A234: 7Bracos_3000_R1101_80W_2026-09-28_10_00.csv | B234: 80W_3000RPM_R1101 | C234: 80 | D234: 3000 | E234: =D234*2/60 | F234: 1101 | G234: 7 | H234: =INDEX(Parametros!$B$2:$B$9,MATCH(G234,Parametros!$A$2:$A$9,0)) | I234: =1/(VALUE(MID(F234,1,1))/Parametros!$E$2+VALUE(MID(F234,2,1))/Parametros!$E$3+VALUE(MID(F234,3,1))/Parametros!$E$4+VALUE(MID(F234,4,1))/Parametros!$E$5) | J234: =IF(G234=0,Parametros!$E$8,Parametros!$E$6+Parametros!$E$6*(Parametros!$E$7/G234+I234)/(Parametros!$E$6+Parametros!$E$7/G234+I234)) | K234: 2026-09-28 10:00 | L234: Patamar baixo de ripple (suspeita DAQ) | M234: =IF(L234="Válido","Sim","Não") | N234: Ripple x C mediano da config = 533 (esperado ~730 a 80W)
A235: 6Bracos_3000_R1101_80W_2026-09-28_10_00.csv | B235: 80W_3000RPM_R1101 | C235: 80 | D235: 3000 | E235: =D235*2/60 | F235: 1101 | G235: 6 | H235: =INDEX(Parametros!$B$2:$B$9,MATCH(G235,Parametros!$A$2:$A$9,0)) | I235: =1/(VALUE(MID(F235,1,1))/Parametros!$E$2+VALUE(MID(F235,2,1))/Parametros!$E$3+VALUE(MID(F235,3,1))/Parametros!$E$4+VALUE(MID(F235,4,1))/Parametros!$E$5) | J235: =IF(G235=0,Parametros!$E$8,Parametros!$E$6+Parametros!$E$6*(Parametros!$E$7/G235+I235)/(Parametros!$E$6+Parametros!$E$7/G235+I235)) | K235: 2026-09-28 10:00 | L235: Patamar baixo de ripple (suspeita DAQ) | M235: =IF(L235="Válido","Sim","Não") | N235: Ripple x C mediano da config = 533 (esperado ~730 a 80W)
A236: 5Bracos_3000_R1101_80W_2026-09-28_10_00.csv | B236: 80W_3000RPM_R1101 | C236: 80 | D236: 3000 | E236: =D236*2/60 | F236: 1101 | G236: 5 | H236: =INDEX(Parametros!$B$2:$B$9,MATCH(G236,Parametros!$A$2:$A$9,0)) | I236: =1/(VALUE(MID(F236,1,1))/Parametros!$E$2+VALUE(MID(F236,2,1))/Parametros!$E$3+VALUE(MID(F236,3,1))/Parametros!$E$4+VALUE(MID(F236,4,1))/Parametros!$E$5) | J236: =IF(G236=0,Parametros!$E$8,Parametros!$E$6+Parametros!$E$6*(Parametros!$E$7/G236+I236)/(Parametros!$E$6+Parametros!$E$7/G236+I236)) | K236: 2026-09-28 10:00 | L236: Patamar baixo de ripple (suspeita DAQ) | M236: =IF(L236="Válido","Sim","Não") | N236: Ripple x C mediano da config = 533 (esperado ~730 a 80W)
A237: 4Bracos_3000_R1101_80W_2026-09-28_10_00.csv | B237: 80W_3000RPM_R1101 | C237: 80 | D237: 3000 | E237: =D237*2/60 | F237: 1101 | G237: 4 | H237: =INDEX(Parametros!$B$2:$B$9,MATCH(G237,Parametros!$A$2:$A$9,0)) | I237: =1/(VALUE(MID(F237,1,1))/Parametros!$E$2+VALUE(MID(F237,2,1))/Parametros!$E$3+VALUE(MID(F237,3,1))/Parametros!$E$4+VALUE(MID(F237,4,1))/Parametros!$E$5) | J237: =IF(G237=0,Parametros!$E$8,Parametros!$E$6+Parametros!$E$6*(Parametros!$E$7/G237+I237)/(Parametros!$E$6+Parametros!$E$7/G237+I237)) | K237: 2026-09-28 10:00 | L237: Patamar baixo de ripple (suspeita DAQ) | M237: =IF(L237="Válido","Sim","Não") | N237: Ripple x C mediano da config = 533 (esperado ~730 a 80W)
... A281: 0Bracos_R0011_80W_2026-09-24_15_15.csv | B281: 80W_3500RPM_R0011 | C281: 80 | D281: 3500 | E281: =D281*2/60 | F281: 0011 | G281: 0 | H281: =INDEX(Parametros!$B$2:$B$9,MATCH(G281,Parametros!$A$2:$A$9,0)) | I281: =1/(VALUE(MID(F281,1,1))/Parametros!$E$2+VALUE(MID(F281,2,1))/Parametros!$E$3+VALUE(MID(F281,3,1))/Parametros!$E$4+VALUE(MID(F281,4,1))/Parametros!$E$5) | J281: =IF(G281=0,Parametros!$E$8,Parametros!$E$6+Parametros!$E$6*(Parametros!$E$7/G281+I281)/(Parametros!$E$6+Parametros!$E$7/G281+I281)) | K281: 2026-09-24 15:15 | L281: Patamar baixo de ripple (suspeita DAQ) | M281: =IF(L281="Válido","Sim","Não") | N281: Ripple x C mediano da config = 591 (esperado ~730 a 80W)
A282: 7Bracos_R0100_80W_2026-09-24_15_15.csv | B282: 80W_3500RPM_R0100 | C282: 80 | D282: 3500 | E282: =D282*2/60 | F282: 0100 | G282: 7 | H282: =INDEX(Parametros!$B$2:$B$9,MATCH(G282,Parametros!$A$2:$A$9,0)) | I282: =1/(VALUE(MID(F282,1,1))/Parametros!$E$2+VALUE(MID(F282,2,1))/Parametros!$E$3+VALUE(MID(F282,3,1))/Parametros!$E$4+VALUE(MID(F282,4,1))/Parametros!$E$5) | J282: =IF(G282=0,Parametros!$E$8,Parametros!$E$6+Parametros!$E$6*(Parametros!$E$7/G282+I282)/(Parametros!$E$6+Parametros!$E$7/G282+I282)) | K282: 2026-09-24 15:15 | L282: Válido | M282: =IF(L282="Válido","Sim","Não")
A283: 6Bracos_R0100_80W_2026-09-24_15_15.csv | B283: 80W_3500RPM_R0100 | C283: 80 | D283: 3500 | E283: =D283*2/60 | F283: 0100 | G283: 6 | H283: =INDEX(Parametros!$B$2:$B$9,MATCH(G283,Parametros!$A$2:$A$9,0)) | I283: =1/(VALUE(MID(F283,1,1))/Parametros!$E$2+VALUE(MID(F283,2,1))/Parametros!$E$3+VALUE(MID(F283,3,1))/Parametros!$E$4+VALUE(MID(F283,4,1))/Parametros!$E$5) | J283: =IF(G283=0,Parametros!$E$8,Parametros!$E$6+Parametros!$E$6*(Parametros!$E$7/G283+I283)/(Parametros!$E$6+Parametros!$E$7/G283+I283)) | K283: 2026-09-24 15:15 | L283: Válido | M283: =IF(L283="Válido","Sim","Não")
A284: 5Bracos_R0100_80W_2026-09-24_15_15.csv | B284: 80W_3500RPM_R0100 | C284: 80 | D284: 3500 | E284: =D284*2/60 | F284: 0100 | G284: 5 | H284: =INDEX(Parametros!$B$2:$B$9,MATCH(G284,Parametros!$A$2:$A$9,0)) | I284: =1/(VALUE(MID(F284,1,1))/Parametros!$E$2+VALUE(MID(F284,2,1))/Parametros!$E$3+VALUE(MID(F284,3,1))/Parametros!$E$4+VALUE(MID(F284,4,1))/Parametros!$E$5) | J284: =IF(G284=0,Parametros!$E$8,Parametros!$E$6+Parametros!$E$6*(Parametros!$E$7/G284+I284)/(Parametros!$E$6+Parametros!$E$7/G284+I284)) | K284: 2026-09-24 15:15 | L284: Válido | M284: =IF(L284="Válido","Sim","Não")
A285: 4Bracos_R0100_80W_2026-09-24_15_15.csv | B285: 80W_3500RPM_R0100 | C285: 80 | D285: 3500 | E285: =D285*2/60 | F285: 0100 | G285: 4 | H285: =INDEX(Parametros!$B$2:$B$9,MATCH(G285,Parametros!$A$2:$A$9,0)) | I285: =1/(VALUE(MID(F285,1,1))/Parametros!$E$2+VALUE(MID(F285,2,1))/Parametros!$E$3+VALUE(MID(F285,3,1))/Parametros!$E$4+VALUE(MID(F285,4,1))/Parametros!$E$5) | J285: =IF(G285=0,Parametros!$E$8,Parametros!$E$6+Parametros!$E$6*(Parametros!$E$7/G285+I285)/(Parametros!$E$6+Parametros!$E$7/G285+I285)) | K285: 2026-09-24 15:15 | L285: Válido | M285: =IF(L285="Válido","Sim","Não")
A286: 3Bracos_R0100_80W_2026-09-24_15_15.csv | B286: 80W_3500RPM_R0100 | C286: 80 | D286: 3500 | E286: =D286*2/60 | F286: 0100 | G286: 3 | H286: =INDEX(Parametros!$B$2:$B$9,MATCH(G286,Parametros!$A$2:$A$9,0)) | I286: =1/(VALUE(MID(F286,1,1))/Parametros!$E$2+VALUE(MID(F286,2,1))/Parametros!$E$3+VALUE(MID(F286,3,1))/Parametros!$E$4+VALUE(MID(F286,4,1))/Parametros!$E$5) | J286: =IF(G286=0,Parametros!$E$8,Parametros!$E$6+Parametros!$E$6*(Parametros!$E$7/G286+I286)/(Parametros!$E$6+Parametros!$E$7/G286+I286)) | K286: 2026-09-24 15:15 | L286: Válido | M286: =IF(L286="Válido","Sim","Não")
A287: 2Bracos_R0100_80W_2026-09-24_15_15.csv | B287: 80W_3500RPM_R0100 | C287: 80 | D287: 3500 | E287: =D287*2/60 | F287: 0100 | G287: 2 | H287: =INDEX(Parametros!$B$2:$B$9,MATCH(G287,Parametros!$A$2:$A$9,0)) | I287: =1/(VALUE(MID(F287,1,1))/Parametros!$E$2+VALUE(MID(F287,2,1))/Parametros!$E$3+VALUE(MID(F287,3,1))/Parametros!$E$4+VALUE(MID(F287,4,1))/Parametros!$E$5) | J287: =IF(G287=0,Parametros!$E$8,Parametros!$E$6+Parametros!$E$6*(Parametros!$E$7/G287+I287)/(Parametros!$E$6+Parametros!$E$7/G287+I287)) | K287: 2026-09-24 15:15 | L287: Válido | M287: =IF(L287="Válido","Sim","Não")
A288: 1Bracos_R0100_80W_2026-09-24_15_15.csv | B288: 80W_3500RPM_R0100 | C288: 80 | D288: 3500 | E288: =D288*2/60 | F288: 0100 | G288: 1 | H288: =INDEX(Parametros!$B$2:$B$9,MATCH(G288,Parametros!$A$2:$A$9,0)) | I288: =1/(VALUE(MID(F288,1,1))/Parametros!$E$2+VALUE(MID(F288,2,1))/Parametros!$E$3+VALUE(MID(F288,3,1))/Parametros!$E$4+VALUE(MID(F288,4,1))/Parametros!$E$5) | J288: =IF(G288=0,Parametros!$E$8,Parametros!$E$6+Parametros!$E$6*(Parametros!$E$7/G288+I288)/(Parametros!$E$6+Parametros!$E$7/G288+I288)) | K288: 2026-09-24 15:15 | L288: Válido | M288: =IF(L288="Válido","Sim","Não")
A289: 0Bracos_R0100_80W_2026-09-24_15_15.csv | B289: 80W_3500RPM_R0100 | C289: 80 | D289: 3500 | E289: =D289*2/60 | F289: 0100 | G289: 0 | H289: =INDEX(Parametros!$B$2:$B$9,MATCH(G289,Parametros!$A$2:$A$9,0)) | I289: =1/(VALUE(MID(F289,1,1))/Parametros!$E$2+VALUE(MID(F289,2,1))/Parametros!$E$3+VALUE(MID(F289,3,1))/Parametros!$E$4+VALUE(MID(F289,4,1))/Parametros!$E$5) | J289: =IF(G289=0,Parametros!$E$8,Parametros!$E$6+Parametros!$E$6*(Parametros!$E$7/G289+I289)/(Parametros!$E$6+Parametros!$E$7/G289+I289)) | K289: 2026-09-24 15:15 | L289: Válido | M289: =IF(L289="Válido","Sim","Não")
A290: 7Bracos_R0101_80W_2026-09-24_15_15.csv | B290: 80W_3500RPM_R0101 | C290: 80 | D290: 3500 | E290: =D290*2/60 | F290: 0101 | G290: 7 | H290: =INDEX(Parametros!$B$2:$B$9,MATCH(G290,Parametros!$A$2:$A$9,0)) | I290: =1/(VALUE(MID(F290,1,1))/Parametros!$E$2+VALUE(MID(F290,2,1))/Parametros!$E$3+VALUE(MID(F290,3,1))/Parametros!$E$4+VALUE(MID(F290,4,1))/Parametros!$E$5) | J290: =IF(G290=0,Parametros!$E$8,Parametros!$E$6+Parametros!$E$6*(Parametros!$E$7/G290+I290)/(Parametros!$E$6+Parametros!$E$7/G290+I290)) | K290: 2026-09-24 15:15 | L290: Válido | M290: =IF(L290="Válido","Sim","Não")
A291: 6Bracos_R0101_80W_2026-09-24_15_15.csv | B291: 80W_3500RPM_R0101 | C291: 80 | D291: 3500 | E291: =D291*2/60 | F291: 0101 | G291: 6 | H291: =INDEX(Parametros!$B$2:$B$9,MATCH(G291,Parametros!$A$2:$A$9,0)) | I291: =1/(VALUE(MID(F291,1,1))/Parametros!$E$2+VALUE(MID(F291,2,1))/Parametros!$E$3+VALUE(MID(F291,3,1))/Parametros!$E$4+VALUE(MID(F291,4,1))/Parametros!$E$5) | J291: =IF(G291=0,Parametros!$E$8,Parametros!$E$6+Parametros!$E$6*(Parametros!$E$7/G291+I291)/(Parametros!$E$6+Parametros!$E$7/G291+I291)) | K291: 2026-09-24 15:15 | L291: Válido | M291: =IF(L291="Válido","Sim","Não")
A292: 5Bracos_R0101_80W_2026-09-24_15_15.csv | B292: 80W_3500RPM_R0101 | C292: 80 | D292: 3500 | E292: =D292*2/60 | F292: 0101 | G292: 5 | H292: =INDEX(Parametros!$B$2:$B$9,MATCH(G292,Parametros!$A$2:$A$9,0)) | I292: =1/(VALUE(MID(F292,1,1))/Parametros!$E$2+VALUE(MID(F292,2,1))/Parametros!$E$3+VALUE(MID(F292,3,1))/Parametros!$E$4+VALUE(MID(F292,4,1))/Parametros!$E$5) | J292: =IF(G292=0,Parametros!$E$8,Parametros!$E$6+Parametros!$E$6*(Parametros!$E$7/G292+I292)/(Parametros!$E$6+Parametros!$E$7/G292+I292)) | K292: 2026-09-24 15:15 | L292: Válido | M292: =IF(L292="Válido","Sim","Não")
A293: 4Bracos_R0101_80W_2026-09-24_15_15.csv | B293: 80W_3500RPM_R0101 | C293: 80 | D293: 3500 | E293: =D293*2/60 | F293: 0101 | G293: 4 | H293: =INDEX(Parametros!$B$2:$B$9,MATCH(G293,Parametros!$A$2:$A$9,0)) | I293: =1/(VALUE(MID(F293,1,1))/Parametros!$E$2+VALUE(MID(F293,2,1))/Parametros!$E$3+VALUE(MID(F293,3,1))/Parametros!$E$4+VALUE(MID(F293,4,1))/Parametros!$E$5) | J293: =IF(G293=0,Parametros!$E$8,Parametros!$E$6+Parametros!$E$6*(Parametros!$E$7/G293+I293)/(Parametros!$E$6+Parametros!$E$7/G293+I293)) | K293: 2026-09-24 15:15 | L293: Válido | M293: =IF(L293="Válido","Sim","Não")
... A505: 0Bracos_3000_R0001_150W_2026-10-09_12_20.csv | B505: 150W_3000RPM_R0001 | C505: 150 | D505: 3000 | E505: =D505*2/60 | F505: 0001 | G505: 0 | H505: =INDEX(Parametros!$B$2:$B$9,MATCH(G505,Parametros!$A$2:$A$9,0)) | I505: =1/(VALUE(MID(F505,1,1))/Parametros!$E$2+VALUE(MID(F505,2,1))/Parametros!$E$3+VALUE(MID(F505,3,1))/Parametros!$E$4+VALUE(MID(F505,4,1))/Parametros!$E$5) | J505: =IF(G505=0,Parametros!$E$8,Parametros!$E$6+Parametros!$E$6*(Parametros!$E$7/G505+I505)/(Parametros!$E$6+Parametros!$E$7/G505+I505)) | K505: 2026-10-09 12:20 | L505: Válido | M505: =IF(L505="Válido","Sim","Não")
A506: 7Bracos_3000_R0001_150W_2026-09-30_14_30.csv | B506: 150W_3000RPM_R0001 | C506: 150 | D506: 3000 | E506: =D506*2/60 | F506: 0001 | G506: 7 | H506: =INDEX(Parametros!$B$2:$B$9,MATCH(G506,Parametros!$A$2:$A$9,0)) | I506: =1/(VALUE(MID(F506,1,1))/Parametros!$E$2+VALUE(MID(F506,2,1))/Parametros!$E$3+VALUE(MID(F506,3,1))/Parametros!$E$4+VALUE(MID(F506,4,1))/Parametros!$E$5) | J506: =IF(G506=0,Parametros!$E$8,Parametros!$E$6+Parametros!$E$6*(Parametros!$E$7/G506+I506)/(Parametros!$E$6+Parametros!$E$7/G506+I506)) | K506: 2026-09-30 14:30 | L506: Substituído (refeito) | M506: =IF(L506="Válido","Sim","Não") | N506: Existe ensaio mais novo para a mesma condição
A507: 6Bracos_3000_R0001_150W_2026-09-30_14_30.csv | B507: 150W_3000RPM_R0001 | C507: 150 | D507: 3000 | E507: =D507*2/60 | F507: 0001 | G507: 6 | H507: =INDEX(Parametros!$B$2:$B$9,MATCH(G507,Parametros!$A$2:$A$9,0)) | I507: =1/(VALUE(MID(F507,1,1))/Parametros!$E$2+VALUE(MID(F507,2,1))/Parametros!$E$3+VALUE(MID(F507,3,1))/Parametros!$E$4+VALUE(MID(F507,4,1))/Parametros!$E$5) | J507: =IF(G507=0,Parametros!$E$8,Parametros!$E$6+Parametros!$E$6*(Parametros!$E$7/G507+I507)/(Parametros!$E$6+Parametros!$E$7/G507+I507)) | K507: 2026-09-30 14:30 | L507: Substituído (refeito) | M507: =IF(L507="Válido","Sim","Não") | N507: Existe ensaio mais novo para a mesma condição
A508: 5Bracos_3000_R0001_150W_2026-09-30_14_30.csv | B508: 150W_3000RPM_R0001 | C508: 150 | D508: 3000 | E508: =D508*2/60 | F508: 0001 | G508: 5 | H508: =INDEX(Parametros!$B$2:$B$9,MATCH(G508,Parametros!$A$2:$A$9,0)) | I508: =1/(VALUE(MID(F508,1,1))/Parametros!$E$2+VALUE(MID(F508,2,1))/Parametros!$E$3+VALUE(MID(F508,3,1))/Parametros!$E$4+VALUE(MID(F508,4,1))/Parametros!$E$5) | J508: =IF(G508=0,Parametros!$E$8,Parametros!$E$6+Parametros!$E$6*(Parametros!$E$7/G508+I508)/(Parametros!$E$6+Parametros!$E$7/G508+I508)) | K508: 2026-09-30 14:30 | L508: Substituído (refeito) | M508: =IF(L508="Válido","Sim","Não") | N508: Existe ensaio mais novo para a mesma condição
A509: 4Bracos_3000_R0001_150W_2026-09-30_14_30.csv | B509: 150W_3000RPM_R0001 | C509: 150 | D509: 3000 | E509: =D509*2/60 | F509: 0001 | G509: 4 | H509: =INDEX(Parametros!$B$2:$B$9,MATCH(G509,Parametros!$A$2:$A$9,0)) | I509: =1/(VALUE(MID(F509,1,1))/Parametros!$E$2+VALUE(MID(F509,2,1))/Parametros!$E$3+VALUE(MID(F509,3,1))/Parametros!$E$4+VALUE(MID(F509,4,1))/Parametros!$E$5) | J509: =IF(G509=0,Parametros!$E$8,Parametros!$E$6+Parametros!$E$6*(Parametros!$E$7/G509+I509)/(Parametros!$E$6+Parametros!$E$7/G509+I509)) | K509: 2026-09-30 14:30 | L509: Substituído (refeito) | M509: =IF(L509="Válido","Sim","Não") | N509: Existe ensaio mais novo para a mesma condição
A510: 3Bracos_3000_R0001_150W_2026-09-30_14_30.csv | B510: 150W_3000RPM_R0001 | C510: 150 | D510: 3000 | E510: =D510*2/60 | F510: 0001 | G510: 3 | H510: =INDEX(Parametros!$B$2:$B$9,MATCH(G510,Parametros!$A$2:$A$9,0)) | I510: =1/(VALUE(MID(F510,1,1))/Parametros!$E$2+VALUE(MID(F510,2,1))/Parametros!$E$3+VALUE(MID(F510,3,1))/Parametros!$E$4+VALUE(MID(F510,4,1))/Parametros!$E$5) | J510: =IF(G510=0,Parametros!$E$8,Parametros!$E$6+Parametros!$E$6*(Parametros!$E$7/G510+I510)/(Parametros!$E$6+Parametros!$E$7/G510+I510)) | K510: 2026-09-30 14:30 | L510: Substituído (refeito) | M510: =IF(L510="Válido","Sim","Não") | N510: Existe ensaio mais novo para a mesma condição
A511: 2Bracos_3000_R0001_150W_2026-09-30_14_30.csv | B511: 150W_3000RPM_R0001 | C511: 150 | D511: 3000 | E511: =D511*2/60 | F511: 0001 | G511: 2 | H511: =INDEX(Parametros!$B$2:$B$9,MATCH(G511,Parametros!$A$2:$A$9,0)) | I511: =1/(VALUE(MID(F511,1,1))/Parametros!$E$2+VALUE(MID(F511,2,1))/Parametros!$E$3+VALUE(MID(F511,3,1))/Parametros!$E$4+VALUE(MID(F511,4,1))/Parametros!$E$5) | J511: =IF(G511=0,Parametros!$E$8,Parametros!$E$6+Parametros!$E$6*(Parametros!$E$7/G511+I511)/(Parametros!$E$6+Parametros!$E$7/G511+I511)) | K511: 2026-09-30 14:30 | L511: Substituído (refeito) | M511: =IF(L511="Válido","Sim","Não") | N511: Existe ensaio mais novo para a mesma condição
A512: 1Bracos_3000_R0001_150W_2026-09-30_14_30.csv | B512: 150W_3000RPM_R0001 | C512: 150 | D512: 3000 | E512: =D512*2/60 | F512: 0001 | G512: 1 | H512: =INDEX(Parametros!$B$2:$B$9,MATCH(G512,Parametros!$A$2:$A$9,0)) | I512: =1/(VALUE(MID(F512,1,1))/Parametros!$E$2+VALUE(MID(F512,2,1))/Parametros!$E$3+VALUE(MID(F512,3,1))/Parametros!$E$4+VALUE(MID(F512,4,1))/Parametros!$E$5) | J512: =IF(G512=0,Parametros!$E$8,Parametros!$E$6+Parametros!$E$6*(Parametros!$E$7/G512+I512)/(Parametros!$E$6+Parametros!$E$7/G512+I512)) | K512: 2026-09-30 14:30 | L512: Substituído (refeito) | M512: =IF(L512="Válido","Sim","Não") | N512: Existe ensaio mais novo para a mesma condição
A513: 0Bracos_3000_R0001_150W_2026-09-30_14_30.csv | B513: 150W_3000RPM_R0001 | C513: 150 | D513: 3000 | E513: =D513*2/60 | F513: 0001 | G513: 0 | H513: =INDEX(Parametros!$B$2:$B$9,MATCH(G513,Parametros!$A$2:$A$9,0)) | I513: =1/(VALUE(MID(F513,1,1))/Parametros!$E$2+VALUE(MID(F513,2,1))/Parametros!$E$3+VALUE(MID(F513,3,1))/Parametros!$E$4+VALUE(MID(F513,4,1))/Parametros!$E$5) | J513: =IF(G513=0,Parametros!$E$8,Parametros!$E$6+Parametros!$E$6*(Parametros!$E$7/G513+I513)/(Parametros!$E$6+Parametros!$E$7/G513+I513)) | K513: 2026-09-30 14:30 | L513: Substituído (refeito) | M513: =IF(L513="Válido","Sim","Não") | N513: Existe ensaio mais novo para a mesma condição
A514: 7Bracos_3000_R0010_150W_2026-09-30_14_30.csv | B514: 150W_3000RPM_R0010 | C514: 150 | D514: 3000 | E514: =D514*2/60 | F514: 0010 | G514: 7 | H514: =INDEX(Parametros!$B$2:$B$9,MATCH(G514,Parametros!$A$2:$A$9,0)) | I514: =1/(VALUE(MID(F514,1,1))/Parametros!$E$2+VALUE(MID(F514,2,1))/Parametros!$E$3+VALUE(MID(F514,3,1))/Parametros!$E$4+VALUE(MID(F514,4,1))/Parametros!$E$5) | J514: =IF(G514=0,Parametros!$E$8,Parametros!$E$6+Parametros!$E$6*(Parametros!$E$7/G514+I514)/(Parametros!$E$6+Parametros!$E$7/G514+I514)) | K514: 2026-09-30 14:30 | L514: Válido | M514: =IF(L514="Válido","Sim","Não")
A515: 6Bracos_3000_R0010_150W_2026-09-30_14_30.csv | B515: 150W_3000RPM_R0010 | C515: 150 | D515: 3000 | E515: =D515*2/60 | F515: 0010 | G515: 6 | H515: =INDEX(Parametros!$B$2:$B$9,MATCH(G515,Parametros!$A$2:$A$9,0)) | I515: =1/(VALUE(MID(F515,1,1))/Parametros!$E$2+VALUE(MID(F515,2,1))/Parametros!$E$3+VALUE(MID(F515,3,1))/Parametros!$E$4+VALUE(MID(F515,4,1))/Parametros!$E$5) | J515: =IF(G515=0,Parametros!$E$8,Parametros!$E$6+Parametros!$E$6*(Parametros!$E$7/G515+I515)/(Parametros!$E$6+Parametros!$E$7/G515+I515)) | K515: 2026-09-30 14:30 | L515: Válido | M515: =IF(L515="Válido","Sim","Não")
A516: 5Bracos_3000_R0010_150W_2026-09-30_14_30.csv | B516: 150W_3000RPM_R0010 | C516: 150 | D516: 3000 | E516: =D516*2/60 | F516: 0010 | G516: 5 | H516: =INDEX(Parametros!$B$2:$B$9,MATCH(G516,Parametros!$A$2:$A$9,0)) | I516: =1/(VALUE(MID(F516,1,1))/Parametros!$E$2+VALUE(MID(F516,2,1))/Parametros!$E$3+VALUE(MID(F516,3,1))/Parametros!$E$4+VALUE(MID(F516,4,1))/Parametros!$E$5) | J516: =IF(G516=0,Parametros!$E$8,Parametros!$E$6+Parametros!$E$6*(Parametros!$E$7/G516+I516)/(Parametros!$E$6+Parametros!$E$7/G516+I516)) | K516: 2026-09-30 14:30 | L516: Válido | M516: =IF(L516="Válido","Sim","Não")
A517: 4Bracos_3000_R0010_150W_2026-09-30_14_30.csv | B517: 150W_3000RPM_R0010 | C517: 150 | D517: 3000 | E517: =D517*2/60 | F517: 0010 | G517: 4 | H517: =INDEX(Parametros!$B$2:$B$9,MATCH(G517,Parametros!$A$2:$A$9,0)) | I517: =1/(VALUE(MID(F517,1,1))/Parametros!$E$2+VALUE(MID(F517,2,1))/Parametros!$E$3+VALUE(MID(F517,3,1))/Parametros!$E$4+VALUE(MID(F517,4,1))/Parametros!$E$5) | J517: =IF(G517=0,Parametros!$E$8,Parametros!$E$6+Parametros!$E$6*(Parametros!$E$7/G517+I517)/(Parametros!$E$6+Parametros!$E$7/G517+I517)) | K517: 2026-09-30 14:30 | L517: Válido | M517: =IF(L517="Válido","Sim","Não")
A518: 3Bracos_3000_R0010_150W_2026-09-30_14_30.csv | B518: 150W_3000RPM_R0010 | C518: 150 | D518: 3000 | E518: =D518*2/60 | F518: 0010 | G518: 3 | H518: =INDEX(Parametros!$B$2:$B$9,MATCH(G518,Parametros!$A$2:$A$9,0)) | I518: =1/(VALUE(MID(F518,1,1))/Parametros!$E$2+VALUE(MID(F518,2,1))/Parametros!$E$3+VALUE(MID(F518,3,1))/Parametros!$E$4+VALUE(MID(F518,4,1))/Parametros!$E$5) | J518: =IF(G518=0,Parametros!$E$8,Parametros!$E$6+Parametros!$E$6*(Parametros!$E$7/G518+I518)/(Parametros!$E$6+Parametros!$E$7/G518+I518)) | K518: 2026-09-30 14:30 | L518: Válido | M518: =IF(L518="Válido","Sim","Não")
...

Sheet Resumo
A1: Ensaios válidos por condição
A3: Potência (W) | B3: 2700 | C3: 3000 | D3: 3500 | E3: Total
A4: 80 | B4: =COUNTIFS(Ensaios!$C$2:$C$1137,$A4,Ensaios!$D$2:$D$1137,B$3,Ensaios!$M$2:$M$1137,"Sim") | C4: =COUNTIFS(Ensaios!$C$2:$C$1137,$A4,Ensaios!$D$2:$D$1137,C$3,Ensaios!$M$2:$M$1137,"Sim") | D4: =COUNTIFS(Ensaios!$C$2:$C$1137,$A4,Ensaios!$D$2:$D$1137,D$3,Ensaios!$M$2:$M$1137,"Sim") | E4: =SUM(B4:D4)
A5: 150 | B5: =COUNTIFS(Ensaios!$C$2:$C$1137,$A5,Ensaios!$D$2:$D$1137,B$3,Ensaios!$M$2:$M$1137,"Sim") | C5: =COUNTIFS(Ensaios!$C$2:$C$1137,$A5,Ensaios!$D$2:$D$1137,C$3,Ensaios!$M$2:$M$1137,"Sim") | D5: =COUNTIFS(Ensaios!$C$2:$C$1137,$A5,Ensaios!$D$2:$D$1137,D$3,Ensaios!$M$2:$M$1137,"Sim") | E5: =SUM(B5:D5)
A6: 210 | B6: =COUNTIFS(Ensaios!$C$2:$C$1137,$A6,Ensaios!$D$2:$D$1137,B$3,Ensaios!$M$2:$M$1137,"Sim") | C6: =COUNTIFS(Ensaios!$C$2:$C$1137,$A6,Ensaios!$D$2:$D$1137,C$3,Ensaios!$M$2:$M$1137,"Sim") | D6: =COUNTIFS(Ensaios!$C$2:$C$1137,$A6,Ensaios!$D$2:$D$1137,D$3,Ensaios!$M$2:$M$1137,"Sim") | E6: =SUM(B6:D6)
A7: Total | B7: =SUM(B4:B6) | C7: =SUM(C4:C6) | D7: =SUM(D4:D6) | E7: =SUM(E4:E6)
A9: Arquivos por status
A10: Válido | B10: =COUNTIF(Ensaios!$L$2:$L$1137,A10)
A11: Substituído (refeito) | B11: =COUNTIF(Ensaios!$L$2:$L$1137,A11)
A12: Falha nos braços de capacitor | B12: =COUNTIF(Ensaios!$L$2:$L$1137,A12)
A13: Motor fora de regime | B13: =COUNTIF(Ensaios!$L$2:$L$1137,A13)
A14: Patamar baixo de ripple (suspeita DAQ) | B14: =COUNTIF(Ensaios!$L$2:$L$1137,A14)
A15: Total de arquivos | B15: =SUM(B10:B14)
A16: Esperado por condição: 15 códigos × 8 braços = 120 ensaios

Sheet Parametros
A1: Braços ativos | B1: Capacitância (µF) | D1: Parâmetro | E1: Valor (Ω) | F1: Descrição
A2: 0 | B2: 324 | D2: R_a1 | E2: 0.11 | F2: Braço de resistor 1 (código 1xxx): só MOSFET
A3: 1 | B3: 490 | D3: R_a2 | E3: 0.58 | F3: Braço 2 (x1xx): MOSFET + resistor 0,47 Ω
A4: 2 | B4: 626 | D4: R_a3 | E4: 0.345 | F4: Braço 3 (xx1x): MOSFET + 2×0,47 Ω em paralelo
A5: 3 | B5: 739 | D5: R_a4 | E5: 0.45 | F5: Braço 4 (xxx1): MOSFET + 2×0,68 Ω em paralelo
A6: 4 | B6: 837 | D6: R_fixo | E6: 0.1 | F6: Resistência série fixa do circuito
A7: 5 | B7: 922 | D7: R_bracos_cap | E7: 0.51 | F7: Resistência equivalente de 1 braço de capacitor (divide pelo nº de braços)
A8: 6 | B8: 994 | D8: R_sem_bracos | E8: 0.2 | F8: Resistência série adotada com 0 braços ativos
A9: 7 | B9: 1056
D10: Fonte: valores de calibração da jiga usados nos scripts MATLAB do repositório (plot_matriz_correlacao_*.m, analisa_psd_bracos.m).
D11: R = R_sem_bracos se 0 braços; senão R = R_fixo + R_fixo·S/(R_fixo + S), com S = R_bracos_cap/n + R_paralelo dos braços de resistor ativos.

Sheet Legenda
A1: Labels de todos os ensaios estruturados da jiga (gerado em 2026-10-09)
A3: Aba Ensaios: uma linha por arquivo CSV em Dados_Ensaios/<Potência>_<Rotação>RPM_R<código>/.
A4: Capacitância e Resistência série são calculadas por fórmula a partir da aba Parametros (valores de calibração em azul); alterar os parâmetros atualiza todas as linhas.
A5: f elétrica = Rotação × 2 pares de polos / 60.
A6: Status (texto em azul, editável pela lista suspensa) foi atribuído pelas checagens automáticas de 2026-10-09:
A7: • Substituído (refeito): existe um arquivo mais novo para a mesma potência, rotação, código e braços.
A8: • Motor fora de regime: fundamental da tensão do motor a mais de 8 Hz de rotação/30 (resolução da FFT = 10 Hz) ou tensão do motor < 100 V.
A9: • Falha nos braços de capacitor: ripple de 120 Hz com 7 braços / com 0 braços > 0,55 na configuração (esperado ~0,35).
A10: • Patamar baixo de ripple (suspeita DAQ): só 80W; ripple×C mediano da configuração < 620 (patamar normal ~730). Associado aos reinícios da placa de aquisição.
A11: • Válido: passou em todas as checagens.
A12: 'Usar na análise' = Sim apenas para status Válido (fórmula).
A13: Aba Resumo: contagem de ensaios válidos por condição e de arquivos por status (fórmulas).
